Brand,Price,Processor_brand,Threads,RAM_type,Storage_type,Graphics_brand,Graphics_integreted,Touch_screen,Operating_system,Log_Price,GPU_tier,RAM_tier,Storage_tier,Processor_gen_tier,Display_tier,ppi_tier,is_gaming,brand_tier,performance_score,display_quality
4,50399,0,12.0,0,2,0,0,1,5,10.827726612592778,0,1,2,0,0,2,0,2,12.0,6
6,26690,0,8.0,4,2,0,0,0,5,10.19204424239857,0,1,2,0,0,2,0,1,8.0,6
4,37012,2,8.0,0,2,2,0,0,5,10.51899746336892,4,1,2,2,0,2,0,2,24.0,6
9,69990,2,16.0,4,2,2,0,0,5,11.156107653683586,4,2,2,2,2,0,0,3,48.0,3
8,23990,2,4.0,2,2,2,0,0,5,10.08539235583374,4,1,2,1,0,2,0,0,8.0,6
9,42990,2,12.0,2,2,2,1,0,5,10.668722809490328,4,1,2,2,0,2,0,3,36.0,6
8,102990,2,32.0,1,2,3,0,0,5,11.542387175119847,8,2,0,2,0,0,1,0,96.0,9
3,33780,2,8.0,0,2,2,0,0,5,10.427624190361792,4,1,2,2,0,2,0,2,24.0,6
4,54990,2,12.0,0,2,2,1,0,5,10.91490662950186,4,2,2,2,0,2,0,2,36.0,6
2,55980,2,16.0,0,2,2,0,0,5,10.932749763069443,4,2,2,2,0,2,0,1,48.0,6
8,24990,2,8.0,0,2,2,0,0,5,10.126231023828998,4,1,2,1,0,2,0,0,16.0,6
6,26739,0,8.0,0,2,0,0,0,5,10.193878452798828,0,1,2,0,0,2,0,1,8.0,6
4,81990,0,16.0,1,2,3,0,0,5,11.314352567590223,7,2,0,0,0,2,1,2,16.0,6
1,76990,1,12.0,0,2,1,1,0,2,11.251430822272097,1,1,1,2,2,4,0,3,36.0,4
8,32990,2,12.0,0,2,2,1,0,5,10.403959764222629,4,2,2,2,0,2,0,0,36.0,6
2,79899,2,16.0,0,2,3,0,0,5,11.288518616031489,7,2,0,1,0,2,1,1,32.0,6
6,59990,2,12.0,1,2,3,0,0,5,11.00193316064714,6,2,2,2,0,2,1,1,36.0,6
1,114900,1,12.0,0,2,1,0,0,2,11.651817463836847,1,1,1,2,1,4,0,3,36.0,8
3,36940,0,12.0,0,2,0,0,0,5,10.517050253753233,0,1,2,0,0,2,0,2,12.0,6
2,53890,2,12.0,0,2,3,0,0,5,10.894700210927542,6,1,2,1,0,2,1,1,24.0,6
6,33500,0,8.0,0,2,0,0,0,5,10.419300717813158,0,1,2,0,0,2,0,1,8.0,6
8,69990,2,16.0,0,2,3,0,0,5,11.156107653683586,8,2,2,2,0,2,1,0,48.0,6
2,46890,0,12.0,0,2,0,0,0,5,10.755559712083633,0,1,2,0,0,2,0,1,12.0,6
1,99900,1,12.0,0,2,1,0,0,2,11.511924964636645,1,1,1,2,1,4,0,3,36.0,8
9,75990,2,12.0,3,2,2,0,0,5,11.238357031663831,4,2,2,2,0,2,0,3,36.0,6
4,38990,2,8.0,0,2,2,1,0,5,10.571060481976644,4,1,2,2,1,0,0,2,24.0,6
9,299999,2,22.0,5,2,3,0,1,5,12.61153442029945,8,0,0,2,0,4,1,3,66.0,12
2,39800,2,12.0,0,2,2,0,0,5,10.59162219127253,4,1,2,2,0,2,0,1,36.0,6
6,44990,0,16.0,0,2,0,0,0,5,10.71419552183522,0,1,2,0,0,2,0,1,16.0,6
0,112490,2,24.0,1,2,3,0,0,5,11.63061960778687,8,2,0,2,0,2,1,1,72.0,6
4,44990,0,12.0,0,2,3,0,0,5,10.71419552183522,3,1,2,0,0,2,1,2,12.0,6
4,61990,2,12.0,0,2,3,0,0,5,11.034728360695963,6,2,2,2,0,2,1,2,36.0,6
3,81990,2,16.0,1,2,3,0,0,5,11.314352567590223,7,2,0,2,0,2,1,2,48.0,6
2,94990,0,16.0,4,2,3,0,1,5,11.461526901884229,7,2,2,0,1,0,1,1,16.0,6
2,102499,2,20.0,0,2,3,0,0,5,11.537608321415448,8,2,2,2,0,2,1,1,60.0,6
3,69999,2,16.0,1,2,2,1,0,5,11.156236235215168,4,2,2,2,1,0,0,2,48.0,6
6,75990,2,18.0,4,2,2,0,0,5,11.238357031663831,4,2,0,2,0,2,0,1,54.0,6
8,27990,2,8.0,3,2,2,1,0,5,10.2396025825095,4,2,2,1,0,2,0,0,16.0,6
7,94990,2,16.0,1,2,3,0,0,5,11.461526901884229,8,2,0,2,0,2,1,2,48.0,6
2,99990,0,16.0,4,2,3,0,1,5,11.512825459969894,7,2,0,0,1,0,1,1,16.0,6
2,61990,2,12.0,0,2,3,0,0,5,11.034728360695963,7,2,2,1,0,2,1,1,24.0,6
2,55200,0,16.0,0,2,0,0,0,5,10.918718232265189,0,2,2,0,0,2,0,1,16.0,6
9,72990,2,16.0,4,2,2,0,1,5,11.198077724445678,4,2,2,2,2,0,0,3,48.0,3
4,96999,2,14.0,4,2,2,1,1,5,11.482455948154028,4,2,2,2,1,0,0,2,42.0,6
4,138990,2,28.0,1,2,3,0,0,5,11.842157267078804,8,2,0,2,0,2,1,2,84.0,6
3,99990,2,12.0,1,2,3,0,0,5,11.512825459969894,8,2,0,2,0,2,1,2,36.0,6
6,64990,2,16.0,4,2,2,1,0,5,11.081988690888394,4,2,2,2,1,0,0,1,48.0,6
6,32990,2,8.0,0,2,2,0,0,5,10.403959764222629,4,1,2,2,0,2,0,1,24.0,6
4,47990,2,12.0,0,2,2,1,0,5,10.77874793485229,4,1,2,2,0,2,0,2,36.0,6
0,53990,2,12.0,0,2,3,0,0,5,10.896554123212333,6,2,2,2,0,2,1,1,36.0,6
5,74990,2,20.0,5,2,2,1,0,5,11.225110050295434,4,0,0,2,0,2,0,0,60.0,6
2,86990,2,16.0,0,2,3,0,0,5,11.373548448501586,8,2,2,2,0,2,1,1,48.0,6
4,19979,0,2.0,0,2,0,1,0,1,9.90243700089995,4,1,1,0,0,1,0,2,2.0,3
7,37990,0,12.0,0,2,0,0,0,5,10.54507824618167,0,2,2,0,1,0,0,2,12.0,6
3,48990,2,12.0,0,2,2,0,0,5,10.79937147463262,4,1,2,2,0,2,0,2,36.0,6
2,31990,2,4.0,0,2,2,1,1,5,10.373178632943564,4,1,2,1,0,2,0,1,8.0,6
6,55390,2,12.0,4,2,2,1,0,5,10.92215435102715,4,2,2,2,1,0,0,1,36.0,6
4,96990,0,16.0,4,2,0,0,1,5,11.482363159387589,0,2,2,1,1,0,0,2,32.0,6
4,37490,2,8.0,0,2,2,0,0,5,10.531829509729958,4,1,2,2,0,2,0,2,24.0,6
2,109990,2,20.0,4,2,2,0,0,5,11.608144731551162,4,2,0,2,0,4,0,1,60.0,12
8,46990,2,12.0,3,2,2,0,0,5,10.757690092096862,4,2,2,2,0,2,0,0,36.0,6
6,39990,0,12.0,0,2,0,0,0,5,10.596384701840863,0,1,2,0,0,2,0,1,12.0,6
4,65990,2,12.0,0,2,3,0,0,5,11.097258494377469,6,2,2,2,0,2,1,2,36.0,6
8,27990,2,8.0,0,2,2,1,0,5,10.2396025825095,4,1,2,2,0,2,0,0,24.0,6
0,78052,2,12.0,1,2,3,0,0,5,11.26513055021489,8,2,2,2,0,2,1,1,36.0,6
4,79990,0,16.0,1,2,3,0,0,5,11.289656905842868,7,2,2,0,0,2,1,2,16.0,6
7,52990,2,12.0,0,1,3,0,0,5,10.877858495486809,7,2,0,1,0,2,1,2,24.0,6
2,25990,2,2.0,0,2,2,1,0,5,10.165467127635536,4,1,1,2,0,2,0,1,6.0,6
6,55990,0,12.0,1,2,3,0,0,5,10.932928382342938,6,2,2,0,0,2,1,1,12.0,6
2,57990,2,12.0,0,2,3,0,0,5,10.968025860870489,6,2,2,1,0,2,1,1,24.0,6
4,68990,2,12.0,0,2,3,0,0,5,11.141716845540154,7,2,2,2,0,2,1,2,36.0,6
4,25580,0,4.0,0,2,0,0,0,5,10.149566075132832,0,1,2,0,0,2,0,2,4.0,6
9,52990,2,12.0,2,2,2,1,0,5,10.877858495486809,4,2,2,2,0,2,0,3,36.0,6
1,154900,1,12.0,0,2,1,0,0,2,11.95053502640496,1,1,2,2,0,4,0,3,36.0,12
6,54990,0,12.0,0,2,3,0,0,5,10.91490662950186,3,2,2,0,0,2,1,1,12.0,6
6,76990,2,18.0,4,2,2,0,0,5,11.251430822272097,4,2,0,2,1,0,0,1,54.0,6
2,329990,2,32.0,1,2,3,0,0,5,12.706817629953214,8,0,0,2,0,0,1,1,96.0,9
8,89999,2,16.0,1,2,3,0,0,5,11.40755383813956,8,2,2,2,0,0,1,0,48.0,9
4,69990,0,16.0,0,2,0,0,0,5,11.156107653683586,0,2,0,0,0,2,0,2,16.0,6
0,34299,2,8.0,0,2,2,0,0,5,10.44287147821008,4,2,2,2,0,2,0,1,24.0,6
7,599990,2,12.0,1,2,3,0,0,5,13.304668267392726,8,0,0,2,3,3,1,2,36.0,20
9,199990,2,22.0,5,2,2,0,1,5,12.206022644280132,4,2,2,2,0,4,0,3,66.0,12
8,52990,2,16.0,4,2,2,0,0,5,10.877858495486809,4,2,2,2,0,0,0,0,48.0,9
1,399900,1,12.0,0,2,1,0,0,2,12.89896979483491,1,0,0,2,0,3,0,3,36.0,15
0,32390,2,8.0,0,2,2,0,0,5,10.385605012165374,4,1,2,2,0,2,0,1,24.0,6
2,53990,2,12.0,0,2,3,0,0,5,10.896554123212333,6,1,2,1,0,2,1,1,24.0,6
4,52499,0,12.0,0,2,0,0,0,5,10.868549400779258,0,2,2,0,0,2,0,2,12.0,6
0,37490,0,12.0,0,2,0,0,0,5,10.531829509729958,0,2,2,0,0,2,0,1,12.0,6
4,89990,2,12.0,1,2,3,0,0,5,11.407453832027992,8,2,2,2,0,2,1,2,36.0,6
2,64990,2,16.0,0,2,2,0,0,5,11.081988690888394,4,2,2,2,0,2,0,1,48.0,6
3,38500,2,8.0,0,2,2,0,0,3,10.558413520275876,4,1,2,1,1,1,0,2,16.0,2
0,57990,2,12.0,0,2,3,0,0,5,10.968025860870489,3,2,2,2,0,2,1,1,36.0,6
2,89990,0,16.0,1,2,3,0,0,5,11.407453832027992,8,2,2,0,0,2,1,1,16.0,6
4,133999,2,14.0,4,2,2,1,1,5,11.805587616218634,4,0,0,2,1,0,0,2,42.0,6
2,149990,2,20.0,1,2,3,0,0,5,11.918323904189403,8,2,0,2,0,4,1,1,60.0,12
4,112990,0,16.0,1,2,3,0,0,5,11.635054598203292,7,2,0,0,0,0,1,2,16.0,9
0,69990,0,16.0,1,2,3,0,0,5,11.156107653683586,7,2,2,0,0,2,1,1,16.0,6
4,38990,0,12.0,0,2,0,0,0,5,10.571060481976644,0,1,2,0,0,2,0,2,12.0,6
3,108000,2,12.0,0,2,2,0,0,5,11.589886506106357,4,1,2,2,1,1,0,2,36.0,2
6,55390,2,12.0,4,2,2,1,0,5,10.92215435102715,4,2,2,2,0,2,0,1,36.0,6
1,133553,1,12.0,0,2,1,0,0,2,11.802253681782624,1,1,1,2,0,4,0,3,36.0,12
9,70990,2,12.0,3,2,2,0,0,5,11.170294301033431,4,1,2,2,0,2,0,3,36.0,6
7,197990,2,28.0,1,2,3,0,0,5,12.195971803350744,8,0,0,2,0,0,1,2,84.0,9
6,35500,2,4.0,0,2,2,0,0,5,10.477287975463508,4,1,2,1,0,2,0,1,8.0,6
0,49499,2,8.0,0,2,2,0,0,5,10.809707746332515,4,2,2,1,0,2,0,1,16.0,6
4,122000,2,12.0,4,2,3,0,1,5,11.711776323715394,7,2,0,2,0,2,1,2,36.0,6
6,43490,2,12.0,0,2,2,1,0,1,10.680286305591684,4,1,2,2,1,0,0,1,36.0,6
6,79990,2,18.0,4,2,2,0,0,5,11.289656905842868,4,2,0,2,1,0,0,1,54.0,6
4,175999,2,22.0,5,2,3,0,0,5,12.078233592185963,8,2,0,2,1,4,1,2,66.0,8
4,135999,0,16.0,1,2,3,0,0,5,11.82040281174998,8,0,0,0,0,0,1,2,16.0,9
4,58490,2,12.0,0,2,3,0,0,5,10.976611078437072,6,1,2,2,0,2,1,2,36.0,6
6,53490,2,12.0,4,2,2,1,0,5,10.887249999525295,4,2,2,2,0,2,0,1,36.0,6
6,149990,2,32.0,1,2,3,0,0,5,11.918323904189403,8,0,0,2,0,0,1,1,96.0,9
5,33990,2,8.0,3,2,2,1,0,5,10.433821642690162,4,2,2,1,0,2,0,0,16.0,6
6,69990,0,16.0,0,2,3,0,0,5,11.156107653683586,7,2,2,0,0,2,1,1,16.0,6
4,65990,2,12.0,0,2,3,0,0,5,11.097258494377469,6,2,0,2,0,2,1,2,36.0,6
1,186899,1,12.0,0,2,1,0,0,2,12.138323642974552,1,0,2,2,1,3,0,3,36.0,10
3,69990,2,12.0,0,2,2,0,0,5,11.156107653683586,4,2,2,2,0,2,0,2,36.0,6
5,25990,2,8.0,3,2,2,1,0,5,10.165467127635536,4,1,2,1,0,2,0,0,16.0,6
4,36512,2,8.0,0,2,2,1,0,5,10.505396252661802,4,1,2,2,0,2,0,2,24.0,6
8,43990,2,12.0,0,2,2,1,0,5,10.691717614342766,4,2,0,2,0,2,0,0,36.0,6
7,49990,0,12.0,1,2,0,0,0,5,10.819578264407616,0,1,2,0,0,2,0,2,12.0,6
2,28990,2,4.0,0,2,2,1,0,5,10.274706221915702,4,1,1,1,0,2,0,1,8.0,6
2,72990,2,16.0,0,2,3,0,0,5,11.198077724445678,7,2,2,1,0,2,1,1,32.0,6
7,41990,2,12.0,0,2,3,0,0,5,10.64518677367824,3,1,2,1,0,2,1,2,24.0,6
4,60200,2,12.0,0,2,3,0,0,5,11.005427631296913,3,2,2,1,0,2,1,2,24.0,6
5,18990,2,4.0,3,2,2,1,0,5,9.85166780380633,4,1,1,1,0,2,0,0,8.0,6
2,58990,2,16.0,0,2,2,0,0,5,10.98512321699712,4,2,2,2,0,2,0,1,48.0,6
4,64990,0,16.0,0,2,3,0,0,5,11.081988690888394,7,2,2,0,0,2,1,2,16.0,6
3,145990,2,12.0,1,2,3,0,0,5,11.891293405194023,8,2,2,2,0,2,1,2,36.0,6
4,37990,2,8.0,0,2,2,0,0,5,10.54507824618167,4,1,2,2,0,2,0,2,24.0,6
4,67990,2,12.0,0,2,3,0,0,5,11.127115914520504,7,2,2,2,0,2,1,2,36.0,6
2,65990,2,16.0,0,2,2,1,0,5,11.097258494377469,4,2,2,2,1,0,0,1,48.0,6
4,49490,0,12.0,0,2,0,0,0,5,10.809525907945932,0,1,2,0,0,2,0,2,12.0,6
4,77490,2,12.0,0,2,2,1,1,5,11.257904174757996,4,2,0,2,1,0,0,2,36.0,6
7,489883,2,20.0,1,2,3,0,0,5,13.101921866065194,8,0,0,2,3,3,1,2,60.0,20
3,99890,2,20.0,1,2,3,0,0,5,11.511824859526197,7,2,0,2,0,0,1,2,60.0,9
0,52990,2,16.0,0,2,3,0,0,5,10.877858495486809,6,2,2,2,0,2,1,1,48.0,6
1,119900,1,12.0,6,2,1,0,0,2,11.694413341015606,1,1,2,2,1,4,0,3,36.0,8
2,74990,2,16.0,0,2,2,0,0,5,11.225110050295434,4,2,2,2,1,4,0,1,48.0,8
9,48899,2,12.0,2,2,2,0,0,5,10.79751222535611,4,1,2,2,0,2,0,3,36.0,6
3,184999,2,12.0,0,2,3,0,0,4,12.128105698640448,5,2,2,1,0,2,0,2,24.0,6
8,8000,2,12.0,6,0,2,0,0,4,8.987196820661973,4,1,1,2,2,2,0,0,36.0,2
2,67990,2,12.0,0,2,2,1,0,5,11.127115914520504,4,2,2,2,0,2,0,1,36.0,6
7,119990,0,16.0,1,2,3,0,0,5,11.695163684958434,8,2,0,1,3,2,1,2,32.0,8
6,297758,2,32.0,1,2,3,0,0,5,12.604036355034603,8,0,0,2,0,0,1,1,96.0,9
9,85990,2,12.0,3,2,2,0,0,5,11.361986289404944,4,2,2,2,0,2,0,3,36.0,6
8,69990,2,18.0,5,2,2,0,0,5,11.156107653683586,4,0,0,2,0,4,0,0,54.0,12
8,59990,2,18.0,5,2,2,0,0,5,11.00193316064714,4,2,2,2,1,4,0,0,54.0,8
6,349990,2,32.0,1,2,3,0,0,5,12.765659861628857,8,0,0,2,0,4,1,1,96.0,12
4,70490,2,12.0,5,2,2,0,0,5,11.16322613476792,4,2,2,2,1,0,0,2,36.0,6
6,109990,0,16.0,5,2,0,1,0,5,11.608144731551162,4,0,2,0,1,0,0,1,16.0,6
4,86990,0,12.0,4,2,0,0,1,5,11.373548448501586,0,2,2,1,1,0,0,2,24.0,6
4,55990,0,12.0,0,2,0,0,0,5,10.932928382342938,0,2,0,0,0,2,0,2,12.0,6
6,17990,3,12.0,3,0,4,0,0,0,9.79757132694458,2,1,1,2,1,1,0,1,36.0,2
6,59390,2,12.0,4,2,2,1,0,5,10.991881141009904,4,2,2,2,0,2,0,1,36.0,6
5,24990,2,4.0,3,2,2,1,0,5,10.126231023828998,4,1,2,1,0,2,0,0,8.0,6
6,33990,0,8.0,4,2,0,0,0,5,10.433821642690162,0,1,2,0,0,2,0,1,8.0,6
4,105990,2,14.0,4,2,2,1,1,5,11.5711000290213,4,2,2,0,1,4,0,2,14.0,8
2,149990,2,22.0,5,2,2,0,0,5,11.918323904189403,4,2,2,2,1,4,0,1,66.0,8
6,35490,0,12.0,0,2,0,0,0,5,10.477006245640542,0,1,2,0,0,2,0,1,12.0,6
6,98790,0,16.0,1,2,3,0,0,5,11.50075166403852,8,2,2,0,0,2,1,1,16.0,6
6,24790,0,2.0,4,2,0,0,0,5,10.118195625029236,0,1,2,2,0,2,0,1,6.0,6
1,154990,1,12.0,0,2,1,0,0,2,11.951115877691096,1,1,2,2,1,3,0,3,36.0,10
0,39999,0,12.0,0,2,0,0,0,5,10.596609732783568,0,2,0,0,0,2,0,1,12.0,6
4,52850,0,12.0,1,2,3,0,0,5,10.875212991298383,6,1,2,0,0,2,1,2,12.0,6
8,23990,2,8.0,2,2,2,1,0,5,10.08539235583374,4,1,2,1,0,2,0,0,16.0,6
2,80739,2,20.0,0,2,2,1,0,5,11.298977008895504,4,2,2,2,0,2,0,1,60.0,6
3,52249,2,12.0,0,2,2,1,0,5,10.863776030887928,4,2,2,2,0,2,0,2,36.0,6
4,48990,2,12.0,0,2,2,0,0,5,10.79937147463262,4,1,2,2,0,2,0,2,36.0,6
4,85990,2,16.0,0,2,3,0,0,5,11.361986289404944,7,2,0,2,0,2,1,2,48.0,6
4,81990,0,16.0,1,2,3,0,0,5,11.314352567590223,7,2,0,0,0,2,1,2,16.0,6
4,79990,2,16.0,0,2,3,0,0,5,11.289656905842868,7,2,2,2,0,2,1,2,48.0,6
6,79990,0,16.0,1,2,3,0,0,5,11.289656905842868,7,2,2,0,0,2,1,1,16.0,6
4,126499,2,24.0,1,2,3,0,0,5,11.747989681980126,8,2,0,2,0,2,1,2,72.0,6
2,74990,2,16.0,0,2,2,0,0,5,11.225110050295434,4,2,2,2,1,4,0,1,48.0,8
2,119000,2,20.0,0,2,3,0,0,5,11.686878772093667,8,2,0,2,0,0,1,1,60.0,9
8,12990,2,2.0,0,2,2,1,0,5,9.471935109664646,4,1,1,2,1,0,0,0,6.0,6
4,72490,2,16.0,0,2,2,0,0,5,11.191203900294925,4,2,2,2,1,0,0,2,48.0,6
5,49990,2,16.0,5,2,2,1,0,5,10.819578264407616,4,2,2,2,0,2,0,0,48.0,6
2,72990,2,16.0,0,2,3,0,0,5,11.198077724445678,7,2,2,2,0,2,1,1,48.0,6
3,72990,2,16.0,4,2,2,0,0,5,11.198077724445678,4,2,2,2,0,0,0,2,48.0,9
0,31990,2,8.0,0,2,2,0,0,5,10.373178632943564,4,1,2,2,0,2,0,1,24.0,6
5,25990,2,4.0,3,2,2,1,0,5,10.165467127635536,4,1,2,1,1,0,0,0,8.0,6
6,27999,2,8.0,0,2,2,1,0,1,10.239924074233857,4,1,2,2,1,0,0,1,24.0,6
2,56990,0,16.0,0,2,0,0,0,5,10.950631092829044,0,2,2,0,0,2,0,1,16.0,6
4,70490,2,16.0,0,2,2,1,0,5,11.16322613476792,4,2,2,2,0,2,0,2,48.0,6
2,114990,2,16.0,1,2,3,0,0,5,11.65260044704271,8,2,2,2,0,4,1,1,48.0,12
0,31990,0,8.0,4,2,0,0,0,5,10.373178632943564,0,1,2,0,0,2,0,1,8.0,6
4,195999,2,24.0,1,2,3,0,0,5,12.185864836158824,7,0,0,2,3,0,1,2,72.0,12
4,51990,2,12.0,0,2,2,0,0,5,10.858806671377762,4,1,2,2,0,2,0,2,36.0,6
3,93003,0,16.0,1,2,3,0,0,5,11.440387029679629,7,2,2,0,0,2,1,2,16.0,6
3,71990,2,16.0,1,2,3,0,0,5,11.184282499463349,7,2,2,2,0,2,1,2,48.0,6
4,84700,2,16.0,0,2,2,0,0,5,11.346870880640148,4,2,2,2,0,2,0,2,48.0,6
9,162990,3,12.0,5,2,2,0,1,5,12.00144412821368,4,0,0,2,0,4,0,3,36.0,12
6,96990,2,12.0,0,2,2,0,0,5,11.482363159387589,4,2,2,2,1,0,0,1,36.0,6
6,55490,2,12.0,0,2,2,1,0,5,10.923958103319949,4,1,2,2,1,0,0,1,36.0,6
2,49990,2,8.0,0,2,2,1,0,5,10.819578264407616,4,2,2,2,0,2,0,1,24.0,6
6,44990,2,8.0,0,2,2,1,0,5,10.71419552183522,4,1,2,2,1,0,0,1,24.0,6
4,74490,2,12.0,0,2,3,0,0,5,11.218420167170322,7,2,2,2,0,2,1,2,36.0,6
7,114990,2,22.0,1,2,3,0,0,5,11.65260044704271,8,2,0,2,0,2,1,2,66.0,6
7,299990,2,32.0,1,2,3,0,0,5,12.611504419749435,8,0,0,2,3,0,1,2,96.0,12
1,134900,1,12.0,0,2,1,0,0,2,11.812289042195848,1,1,2,2,1,4,0,3,36.0,8
1,174900,1,12.0,0,2,1,0,0,2,12.071969661006694,1,2,2,2,0,4,0,3,36.0,12
8,18990,2,2.0,6,2,2,0,0,5,9.85166780380633,4,1,1,2,0,2,0,0,6.0,6
4,105990,2,24.0,1,2,3,0,0,5,11.5711000290213,7,2,0,2,0,0,1,2,72.0,9
9,138990,2,12.0,4,2,2,0,1,5,11.842157267078804,4,2,0,2,0,2,0,3,36.0,6
9,163990,2,22.0,5,2,2,0,1,5,12.007560729337492,4,2,2,2,0,4,0,3,66.0,12
9,114990,2,12.0,4,2,2,0,1,5,11.65260044704271,4,2,2,2,0,2,0,3,36.0,6
3,64990,2,16.0,0,2,2,1,0,5,11.081988690888394,4,2,2,2,0,2,0,2,48.0,6
7,169990,2,22.0,4,2,3,0,0,5,12.043494890772816,8,0,0,2,0,0,1,2,66.0,9
2,139990,2,14.0,5,2,2,1,0,5,11.849326270468872,4,0,0,2,2,3,0,1,42.0,5
7,119990,2,22.0,4,2,2,1,0,5,11.695163684958434,4,2,0,2,0,0,0,2,66.0,9
9,171990,2,22.0,5,2,2,0,1,5,12.055191614570536,4,0,0,2,1,4,0,3,66.0,8
9,149990,2,22.0,5,2,2,0,1,5,11.918323904189403,4,2,2,2,0,4,0,3,66.0,12
2,129990,2,14.0,5,2,2,1,0,5,11.775212803402065,4,2,0,2,2,3,0,1,42.0,5
4,108999,2,14.0,4,2,2,1,1,5,11.59909398685727,4,2,2,2,1,0,0,2,42.0,6
2,30990,2,4.0,0,2,2,1,0,5,10.341419850781794,4,1,1,2,0,2,0,1,12.0,6
4,60799,2,12.0,0,2,2,1,0,5,11.015328620450578,4,2,2,2,0,2,0,2,36.0,6
2,102900,2,18.0,5,2,2,0,1,5,11.54151292182214,4,2,0,2,1,4,0,1,54.0,8
4,54990,2,8.0,0,2,2,1,1,5,10.91490662950186,4,1,2,2,1,0,0,2,24.0,6
0,38249,2,8.0,0,2,2,0,0,5,10.551872695122077,4,2,0,2,0,2,0,1,24.0,6
5,43990,2,12.0,3,2,2,1,0,5,10.691717614342766,4,2,2,2,0,2,0,0,36.0,6
6,54990,2,12.0,4,2,2,1,0,5,10.91490662950186,4,2,2,2,0,2,0,1,36.0,6
6,15990,3,12.0,3,0,4,0,0,0,9.679718805828,2,1,1,2,1,1,0,1,36.0,2
6,102990,2,12.0,1,2,3,0,0,5,11.542387175119847,8,2,2,2,0,2,1,1,36.0,6
2,53990,2,12.0,0,2,3,0,0,5,10.896554123212333,6,1,2,1,3,2,1,1,24.0,8
5,36990,2,8.0,3,2,2,1,0,5,10.5184028848265,4,2,2,2,0,2,0,0,24.0,6
4,24900,0,4.0,0,2,0,0,0,1,10.1226230824528,0,1,2,0,1,1,0,2,4.0,2
8,49990,2,16.0,4,2,2,0,0,5,10.819578264407616,4,2,2,2,1,4,0,0,48.0,8
9,129900,2,12.0,4,2,2,0,1,5,11.77452020265869,4,2,2,2,2,0,0,3,36.0,3
4,50790,2,8.0,0,2,2,0,0,5,10.83545476379529,4,2,2,1,0,2,0,2,16.0,6
4,106590,0,16.0,1,2,3,0,0,5,11.576744977683182,8,2,0,0,0,2,1,2,16.0,6
4,38990,2,8.0,0,2,2,0,0,5,10.571060481976644,4,1,2,2,0,2,0,2,24.0,6
4,103990,0,16.0,1,2,3,0,0,5,11.552050019654278,8,2,0,0,0,2,1,2,16.0,6
0,32490,0,8.0,4,2,0,0,0,5,10.388687628663146,0,1,2,0,0,2,0,1,8.0,6
2,16490,2,12.0,0,2,2,0,0,5,9.710509415553645,4,1,1,2,2,2,0,1,36.0,2
4,33690,2,8.0,0,2,2,1,0,5,10.424956336400598,4,1,2,2,0,1,0,2,24.0,3
0,60999,2,12.0,0,2,3,0,0,5,11.018612749578452,6,2,2,2,0,2,1,1,36.0,6
8,40990,2,12.0,0,2,2,1,0,5,10.621083413498384,4,2,2,2,0,2,0,0,36.0,6
2,81990,0,16.0,1,2,3,0,0,5,11.314352567590223,7,2,2,0,3,2,1,1,16.0,8
4,59990,2,12.0,0,2,3,0,0,5,11.00193316064714,6,1,2,2,0,2,1,2,36.0,6
8,27990,2,8.0,2,2,2,1,1,5,10.2396025825095,4,2,2,2,1,4,0,0,24.0,8
6,94190,0,16.0,1,2,0,0,1,5,11.453069297816862,0,2,0,0,1,4,0,1,16.0,8
4,54990,0,12.0,1,2,3,0,0,5,10.91490662950186,6,1,2,0,0,2,1,2,12.0,6
4,34990,2,8.0,0,2,2,1,0,5,10.462817585361734,4,1,2,2,0,1,0,2,24.0,3
0,29990,0,12.0,0,2,0,0,0,5,10.308619271743057,0,1,2,0,1,1,0,1,12.0,2
5,29990,2,8.0,3,2,2,1,0,5,10.308619271743057,4,1,2,2,1,0,0,0,24.0,6
2,89650,2,20.0,1,2,3,0,0,5,11.40366847903328,7,2,0,2,0,2,1,1,60.0,6
4,70490,2,12.0,0,2,2,1,0,5,11.16322613476792,4,2,0,2,0,2,0,2,36.0,6
7,110990,2,16.0,1,2,3,0,0,5,11.617195386146026,8,2,0,2,3,2,1,2,48.0,8
7,97990,2,16.0,0,2,3,0,0,5,11.492620711629865,8,2,2,2,0,2,1,2,48.0,6
7,45990,2,12.0,0,2,3,0,0,5,10.73617926053397,3,2,2,1,0,2,1,2,24.0,6
6,104990,2,12.0,1,2,3,0,0,5,11.561620386508986,8,2,2,2,0,2,1,1,36.0,6
4,113090,0,16.0,1,2,3,0,0,5,11.635939240865373,8,2,2,0,0,2,1,2,16.0,6
2,73990,2,16.0,1,2,3,0,0,5,11.211685227919595,7,2,2,2,3,2,1,1,48.0,8
2,82500,2,16.0,0,2,3,0,0,5,11.320553572322773,6,2,0,2,1,4,1,1,48.0,8
2,101200,0,16.0,1,2,3,0,0,5,11.524854035835505,7,2,2,0,1,4,1,1,16.0,8
2,89990,2,12.0,0,2,3,0,0,5,11.407453832027992,8,2,2,2,0,2,1,1,36.0,6
7,51990,2,12.0,0,2,3,0,0,5,10.858806671377762,7,2,2,1,0,2,1,2,24.0,6
6,26990,0,8.0,0,2,0,0,0,5,10.20322170601205,0,1,2,0,0,2,0,1,8.0,6
1,131590,1,12.0,0,2,1,0,0,2,11.787446307144188,1,1,2,2,0,4,0,3,36.0,12
3,51915,2,12.0,0,2,2,0,0,5,10.857363044737554,4,2,2,2,0,2,0,2,36.0,6
4,62842,2,12.0,0,2,2,0,0,5,11.048378918724966,4,2,2,2,0,2,0,2,36.0,6
4,69490,2,16.0,0,2,2,1,0,5,11.148938136308374,4,2,2,2,0,2,0,2,48.0,6
2,114000,0,16.0,1,2,0,0,0,5,11.643953727376632,0,2,0,0,0,2,0,1,16.0,6
2,122990,2,16.0,1,2,3,0,0,5,11.719858330236455,8,2,2,2,0,4,1,1,48.0,12
7,57990,2,16.0,0,1,3,0,0,5,10.968025860870489,3,2,0,1,0,2,1,2,32.0,6
2,99990,2,16.0,0,2,3,0,0,5,11.512825459969894,7,2,2,2,1,4,1,1,48.0,8
0,99990,2,20.0,1,2,3,0,0,5,11.512825459969894,8,2,2,2,0,2,1,1,60.0,6
2,64990,2,16.0,0,2,2,1,0,5,11.081988690888394,4,2,2,2,0,2,0,1,48.0,6
1,113690,1,12.0,0,2,1,0,0,2,11.641230725123153,1,1,1,2,0,4,0,3,36.0,12
5,22990,2,4.0,3,2,2,1,0,5,10.042814617757228,4,1,2,1,0,2,0,0,8.0,6
4,38099,2,8.0,0,2,2,1,0,5,10.547943314051182,4,1,2,2,1,0,0,2,24.0,6
7,33990,0,12.0,0,2,0,0,0,5,10.433821642690162,0,1,2,0,1,0,0,2,12.0,6
7,31030,2,8.0,0,2,2,1,0,5,10.342709757442426,4,1,2,2,1,0,0,2,24.0,6
2,35990,0,8.0,4,2,0,0,0,5,10.490996401073076,0,1,2,0,0,2,0,1,8.0,6
9,64990,2,12.0,3,2,2,0,0,5,11.081988690888394,4,1,2,2,0,2,0,3,36.0,6
9,81990,2,12.0,3,2,2,0,0,5,11.314352567590223,4,2,2,2,0,2,0,3,36.0,6
4,65990,0,16.0,0,2,3,0,0,5,11.097258494377469,7,2,2,0,0,2,1,2,16.0,6
9,117990,2,16.0,3,2,2,0,1,5,11.678355154093964,4,2,2,2,0,2,0,3,48.0,6
3,34980,2,8.0,0,2,2,0,0,5,10.462531748572593,4,1,2,2,0,2,0,2,24.0,6
2,40689,2,12.0,0,2,2,0,0,5,10.613713064630824,4,1,2,2,0,2,0,1,36.0,6
4,60300,0,12.0,0,2,3,0,0,5,11.007087382715277,7,1,2,0,0,2,1,2,12.0,6
4,17990,2,2.0,2,0,2,1,1,0,9.79757132694458,4,1,1,2,1,1,0,2,6.0,2
6,18990,0,2.0,0,2,0,0,0,5,9.85166780380633,0,1,1,2,1,0,0,1,6.0,6
3,45390,0,12.0,0,2,0,0,0,5,10.72304709545051,0,1,2,0,0,2,0,2,12.0,6
4,56990,0,12.0,0,2,3,0,0,5,10.950631092829044,7,1,2,0,0,2,1,2,12.0,6
2,96000,2,16.0,1,2,3,0,0,5,11.472103470449971,7,2,0,2,0,2,1,1,48.0,6
6,58990,2,12.0,0,2,2,0,0,5,10.98512321699712,4,2,2,2,0,2,0,1,36.0,6
4,46938,2,4.0,0,1,2,1,0,5,10.756582860913136,4,1,0,1,0,2,0,2,8.0,6
3,33994,0,8.0,0,2,0,0,0,5,10.433939317437297,0,1,2,0,0,2,0,2,8.0,6
4,48890,0,12.0,0,2,3,0,0,5,10.797328155572693,3,1,2,0,0,2,1,2,12.0,6
2,72000,0,16.0,1,2,3,0,0,5,11.184421397998191,7,2,2,0,0,2,1,1,16.0,6
1,119990,1,12.0,0,2,1,0,0,2,11.695163684958434,1,1,1,2,2,4,0,3,36.0,4
2,21790,2,2.0,0,2,2,0,0,5,9.989206427938663,4,1,1,2,0,1,0,1,6.0,3
3,47999,2,8.0,0,2,2,0,0,3,10.778935456339678,4,1,2,1,1,1,0,2,16.0,2
4,146990,2,12.0,3,2,2,0,1,5,11.898119836236033,4,0,0,2,1,3,0,2,36.0,10
4,174999,2,22.0,5,2,3,0,0,5,12.07253553860361,8,2,0,2,1,4,1,2,66.0,8
4,120490,2,12.0,4,2,3,0,1,5,11.699322040917322,7,2,2,2,0,2,1,2,36.0,6
6,42990,2,8.0,0,2,2,1,0,5,10.668722809490328,4,1,2,2,0,2,0,1,24.0,6
4,41990,0,8.0,4,2,0,0,0,5,10.64518677367824,0,1,2,0,0,2,0,2,8.0,6
8,56990,2,12.0,3,2,2,0,0,5,10.950631092829044,4,2,2,2,1,0,0,0,36.0,6
7,229990,2,22.0,1,2,3,0,0,5,12.345791108699256,8,0,0,2,0,4,1,2,66.0,12
7,107990,2,22.0,1,2,3,0,0,5,11.589793909226806,8,2,0,2,0,2,1,2,66.0,6
7,99990,2,18.0,1,2,3,0,0,5,11.512825459969894,8,2,0,2,0,2,1,2,54.0,6
7,249990,2,22.0,1,2,3,0,0,5,12.429176196044365,8,0,0,2,0,0,1,2,66.0,9
7,189990,2,22.0,4,2,3,0,0,5,12.154726718178583,8,0,0,2,0,0,1,2,66.0,9
9,122990,2,12.0,4,2,2,0,1,5,11.719858330236455,4,2,2,2,0,2,0,3,36.0,6
9,179990,2,22.0,5,2,2,0,1,5,12.100656572773524,4,2,0,2,0,4,0,3,66.0,12
7,114990,2,22.0,4,2,2,0,0,5,11.65260044704271,4,2,0,2,2,3,0,2,66.0,5
7,159990,2,22.0,4,2,3,0,0,5,11.982866592262758,8,0,0,2,0,0,1,2,66.0,9
9,139990,2,22.0,5,2,2,0,1,5,11.849326270468872,4,2,2,2,1,4,0,3,66.0,8
9,131990,2,18.0,5,2,2,0,1,5,11.790481441123,4,2,2,2,1,4,0,3,54.0,8
9,141990,2,18.0,5,2,2,0,1,5,11.863511911568404,4,2,2,2,0,4,0,3,54.0,12
9,181990,2,22.0,5,2,2,0,1,5,12.111707019494451,4,0,0,2,0,4,0,3,66.0,12
6,79999,0,16.0,0,2,0,0,0,4,11.289769413577892,5,2,2,0,1,0,0,1,16.0,6
2,289990,2,32.0,1,2,3,0,0,5,12.577601718609491,8,0,0,2,0,0,1,1,96.0,9
4,60517,0,16.0,0,2,0,0,0,5,11.010679596283689,0,2,0,0,0,2,0,2,16.0,6
0,83990,2,18.0,5,2,2,1,0,5,11.338453023119673,4,2,2,2,1,0,0,1,54.0,6
4,195990,2,22.0,5,2,3,0,1,5,12.185818916502903,8,0,0,2,0,4,1,2,66.0,12
4,115999,0,16.0,1,2,3,0,0,5,11.661336849361687,8,2,0,0,0,2,1,2,16.0,6
3,102099,2,12.0,1,2,3,0,0,5,11.533698209785497,7,2,0,2,0,2,1,2,36.0,6
6,84990,2,16.0,1,2,3,0,0,5,11.350288881492672,7,2,2,2,0,2,1,1,48.0,6
6,43990,2,8.0,1,2,2,0,0,5,10.691717614342766,4,1,2,2,1,0,0,1,24.0,6
4,48790,2,12.0,0,2,2,0,0,5,10.795280652809884,4,1,2,2,0,2,0,2,36.0,6
6,59990,2,12.0,1,2,2,1,0,5,11.00193316064714,4,1,2,2,0,2,0,1,36.0,6
6,52990,0,12.0,0,2,0,0,0,5,10.877858495486809,0,2,2,0,0,2,0,1,12.0,6
4,174490,2,22.0,5,2,2,0,1,5,12.069622712392276,4,0,0,2,0,4,0,2,66.0,12
4,53799,2,12.0,0,2,2,0,0,5,10.893010158616534,4,2,2,2,0,2,0,2,36.0,6
4,176499,2,28.0,1,2,3,0,0,5,12.081070489617058,8,2,0,2,0,2,1,2,84.0,6
8,20990,2,4.0,4,2,2,1,0,5,9.951801412814678,4,1,1,2,1,0,0,0,12.0,6
2,43990,2,8.0,0,2,2,1,0,5,10.691717614342766,4,2,2,1,1,0,0,1,16.0,6
8,15990,2,2.0,0,2,2,1,0,5,9.679718805828,4,1,1,2,1,1,0,0,6.0,2
6,59490,2,12.0,4,2,2,1,0,5,10.993563510181952,4,2,2,2,0,2,0,1,36.0,6
3,81990,2,16.0,1,2,3,0,0,5,11.314352567590223,7,2,0,2,0,2,1,2,48.0,6
3,187490,2,32.0,1,2,3,0,0,5,12.141480789636995,8,2,0,2,0,0,1,2,96.0,9
6,53490,2,12.0,4,2,2,1,0,5,10.887249999525295,4,2,2,2,0,2,0,1,36.0,6
6,40490,0,12.0,0,2,0,0,0,5,10.608810309026207,0,2,2,0,0,2,0,1,12.0,6
0,35999,2,6.0,4,2,2,0,0,5,10.49124643927466,4,1,2,2,0,2,0,1,18.0,6
6,87190,2,20.0,4,2,2,0,0,5,11.37584492442186,4,2,0,2,0,0,0,1,60.0,9
3,57990,2,8.0,4,2,2,0,1,5,10.968025860870489,4,1,2,2,1,0,0,2,24.0,6
6,64990,2,12.0,4,2,2,1,0,5,11.081988690888394,4,2,0,2,1,0,0,1,36.0,6
6,74190,2,12.0,4,2,2,1,0,5,11.214384649183572,4,2,0,2,1,0,0,1,36.0,6
8,14999,3,12.0,2,0,4,0,0,3,9.61573881119536,2,1,1,2,2,2,0,0,36.0,2
0,31990,2,8.0,4,2,2,0,0,5,10.373178632943564,4,1,2,2,0,2,0,1,24.0,6
0,45100,2,12.0,0,2,2,0,0,5,10.71663752549077,4,2,2,2,0,2,0,1,36.0,6
1,230590,1,12.0,0,2,1,0,0,2,12.34839652074237,1,0,2,2,0,3,0,3,36.0,15
1,176490,1,12.0,0,2,1,0,0,2,12.081019496526611,1,1,0,2,1,3,0,3,36.0,10
1,289690,1,12.0,0,2,1,0,0,2,12.576566664694283,1,0,0,2,1,3,0,3,36.0,10
1,224990,1,12.0,0,2,1,0,0,2,12.323811235754428,1,0,0,2,1,3,0,3,36.0,10
2,16990,2,2.0,3,0,2,1,0,0,9.740380214665976,4,1,1,2,0,2,0,1,6.0,6
6,58900,0,12.0,1,2,3,0,0,5,10.983596369639676,6,1,2,0,0,2,1,1,12.0,6
3,36990,2,8.0,0,2,2,1,0,5,10.5184028848265,4,1,2,2,0,2,0,2,24.0,6
6,50390,0,8.0,0,2,3,0,0,5,10.827548021674644,6,1,2,0,0,2,1,1,8.0,6
4,94490,2,16.0,0,2,3,0,0,5,11.456249287776672,8,2,2,2,0,2,1,2,48.0,6
8,78890,2,12.0,4,2,2,0,1,5,11.275809756089137,4,1,1,2,2,2,0,0,36.0,2
4,58999,2,12.0,0,2,3,0,0,5,10.985275773591676,6,1,2,2,0,2,1,2,36.0,6
4,50990,0,16.0,0,2,0,0,0,5,10.839384814049202,0,2,2,0,0,2,0,2,16.0,6
2,79990,0,16.0,0,2,3,0,0,5,11.289656905842868,7,2,0,0,0,2,1,1,16.0,6
2,47990,0,8.0,4,2,0,0,0,5,10.77874793485229,0,2,2,0,1,0,0,1,8.0,6
2,43990,2,8.0,0,2,2,1,0,5,10.691717614342766,4,2,2,2,0,2,0,1,24.0,6
7,44990,2,12.0,0,2,3,0,0,5,10.71419552183522,3,2,2,1,0,2,1,2,24.0,6
6,132190,0,16.0,1,2,3,0,0,5,11.791995560573444,8,2,0,0,0,0,1,1,16.0,9
6,32290,0,8.0,4,2,0,0,0,5,10.38251286375232,0,1,2,0,0,2,0,1,8.0,6
2,75000,2,12.0,0,2,3,0,0,5,11.225243392518449,8,2,2,2,0,2,1,1,36.0,6
2,104990,2,16.0,0,2,3,0,0,5,11.561620386508986,8,2,2,2,0,2,1,1,48.0,6
6,66990,0,16.0,0,2,3,0,0,5,11.112298633502313,7,1,2,0,0,2,1,1,16.0,6
6,91190,2,16.0,4,2,2,1,1,5,11.420700520927712,4,2,0,2,1,4,0,1,48.0,8
2,27990,2,2.0,0,2,2,1,0,5,10.2396025825095,4,1,1,2,1,0,0,1,6.0,6
4,339999,2,32.0,1,2,3,0,0,5,12.736697955411548,8,0,0,2,3,0,1,2,96.0,12
6,48490,0,8.0,0,2,3,0,0,5,10.789112870099398,6,1,2,0,0,2,1,1,8.0,6
8,12990,3,12.0,2,0,4,0,0,3,9.471935109664646,2,1,1,2,2,2,0,0,36.0,2
0,19990,2,2.0,0,2,2,1,0,5,9.902987427494446,4,1,1,2,2,2,0,1,6.0,2
2,71990,2,16.0,1,2,3,0,0,5,11.184282499463349,7,1,2,2,3,2,1,1,48.0,8
6,80990,2,16.0,5,2,2,1,0,5,11.302080969243036,4,2,0,2,1,0,0,1,48.0,6
0,17990,2,2.0,0,2,2,1,0,5,9.79757132694458,4,1,1,2,2,2,0,1,6.0,2
4,34999,2,8.0,0,2,2,1,0,5,10.463074768634808,4,1,2,2,0,2,0,2,24.0,6
6,139190,2,16.0,1,2,3,0,0,5,11.843595185221446,8,2,0,2,0,0,1,1,48.0,9
4,66990,2,12.0,0,2,2,1,0,5,11.112298633502313,4,2,0,2,1,0,0,2,36.0,6
0,47990,2,8.0,0,2,2,1,0,5,10.77874793485229,4,2,0,1,1,0,0,1,16.0,6
6,61712,0,12.0,0,2,3,0,0,5,11.03023368044801,7,1,2,0,0,2,1,1,12.0,6
7,79990,0,16.0,1,2,0,0,0,5,11.289656905842868,0,2,2,0,0,2,0,2,16.0,6
4,27990,2,2.0,0,2,2,0,0,5,10.2396025825095,4,1,2,2,1,1,0,2,6.0,2
8,13990,3,12.0,2,0,4,0,0,3,9.546098067659528,2,1,1,2,2,2,0,0,36.0,2
2,95689,2,20.0,0,2,2,1,0,5,11.468858628305911,4,2,0,2,0,2,0,1,60.0,6
2,72300,0,16.0,0,2,0,0,1,5,11.188579408146856,0,2,0,0,1,0,0,1,16.0,6
6,63889,0,12.0,0,2,3,0,0,5,11.06490248157219,7,2,2,0,0,2,1,1,12.0,6
6,46490,0,8.0,0,2,3,0,0,5,10.74699251468463,6,1,2,0,0,2,1,1,8.0,6
3,42990,2,8.0,0,2,2,0,0,5,10.668722809490328,4,1,2,1,0,2,0,2,16.0,6
3,55600,2,12.0,0,2,2,1,0,5,10.925938480238674,4,1,2,2,0,2,0,2,36.0,6
2,94990,2,16.0,1,2,3,0,0,5,11.461526901884229,7,2,0,2,0,2,1,1,48.0,6
3,36990,0,12.0,0,2,0,0,0,5,10.5184028848265,0,1,2,0,0,2,0,2,12.0,6
5,36990,2,8.0,3,2,2,1,0,5,10.5184028848265,4,2,0,1,1,0,0,0,16.0,6
4,50490,0,12.0,0,2,0,0,0,5,10.829530575852962,0,1,2,0,0,2,0,2,12.0,6
4,97000,2,16.0,0,2,3,0,0,5,11.48246625748552,8,2,2,2,0,2,1,2,48.0,6
2,41990,2,8.0,0,2,2,1,0,5,10.64518677367824,4,2,2,2,0,2,0,1,24.0,6
4,72490,2,12.0,0,2,2,1,0,5,11.191203900294925,4,2,0,2,0,2,0,2,36.0,6
4,28990,2,2.0,0,2,2,1,0,5,10.274706221915702,4,1,2,2,0,1,0,2,6.0,3
2,72990,0,16.0,4,2,3,0,0,5,11.198077724445678,7,2,2,0,0,2,1,1,16.0,6
6,62190,2,12.0,4,2,2,0,0,5,11.037949494097935,4,2,2,2,0,2,0,1,36.0,6
4,23999,0,4.0,0,2,0,0,0,1,10.085767441795335,0,1,2,0,0,1,0,2,4.0,3
6,37990,2,8.0,0,2,2,0,0,5,10.54507824618167,4,1,2,2,0,2,0,1,24.0,6
4,44800,0,12.0,0,2,0,0,0,5,10.709963418403076,0,2,2,0,0,2,0,2,12.0,6
6,60190,2,12.0,4,2,2,0,0,5,11.005261504541815,4,2,2,2,1,0,0,1,36.0,6
6,45990,0,8.0,4,2,0,0,0,5,10.73617926053397,0,2,2,0,0,2,0,1,8.0,6
2,35990,0,8.0,4,2,0,0,0,5,10.490996401073076,0,1,2,0,1,0,0,1,8.0,6
4,48990,0,12.0,0,2,0,0,0,5,10.79937147463262,0,1,2,0,0,2,0,2,12.0,6
3,83449,2,12.0,4,2,2,0,0,5,11.331990945794695,4,2,0,2,1,0,0,2,36.0,6
4,54990,0,12.0,1,2,3,0,0,5,10.91490662950186,6,1,2,0,0,2,1,2,12.0,6
6,62990,2,12.0,4,2,2,0,0,5,11.050731262615974,4,2,0,2,1,0,0,1,36.0,6
7,53138,2,12.0,0,2,2,1,0,5,10.88064758217347,4,2,2,2,1,0,0,2,36.0,6
8,25990,2,8.0,2,2,2,0,0,5,10.165467127635536,4,1,2,1,0,2,0,0,16.0,6
7,278490,2,20.0,1,2,3,0,0,5,12.537137431062089,8,0,0,2,0,3,1,2,60.0,15
5,43990,2,12.0,3,2,2,1,0,5,10.691717614342766,4,2,2,2,1,0,0,0,36.0,6
5,36990,2,12.0,3,2,2,1,0,5,10.5184028848265,4,2,2,2,1,0,0,0,36.0,6
3,38990,2,6.0,0,2,2,0,0,5,10.571060481976644,4,1,2,2,1,0,0,2,18.0,6
3,44990,0,8.0,4,2,0,0,0,5,10.71419552183522,0,1,0,0,0,2,0,2,8.0,6
3,57990,2,12.0,0,2,2,0,0,5,10.968025860870489,4,1,2,2,1,0,0,2,36.0,6
4,109490,2,20.0,0,2,3,0,0,5,11.60358849986747,8,2,2,2,0,2,1,2,60.0,6
2,35990,2,8.0,0,2,2,0,0,5,10.490996401073076,4,1,2,2,1,0,0,1,24.0,6
4,90990,2,12.0,1,2,3,0,0,5,11.418504889350736,8,2,2,2,0,2,1,2,36.0,6
6,43990,0,8.0,4,2,0,1,0,5,10.691717614342766,4,2,2,0,0,2,0,1,8.0,6
2,66990,0,16.0,0,2,3,0,0,5,11.112298633502313,6,2,2,0,0,2,1,1,16.0,6
2,31990,2,4.0,0,2,2,0,0,5,10.373178632943564,4,1,2,1,0,2,0,1,8.0,6
4,36790,2,4.0,0,2,2,0,0,5,10.51298134809882,4,1,2,1,0,2,0,2,8.0,6
6,79990,2,12.0,1,2,3,0,0,5,11.289656905842868,7,2,2,2,0,2,1,1,36.0,6
4,72990,2,12.0,0,2,2,1,1,5,11.198077724445678,4,2,2,2,1,0,0,2,36.0,6
6,90990,2,12.0,1,2,3,0,0,5,11.418504889350736,8,2,2,2,0,2,1,1,36.0,6
6,116990,0,16.0,1,2,3,0,0,5,11.669843740041648,8,2,2,0,0,2,1,1,16.0,6
4,132490,2,24.0,1,2,3,0,0,5,11.794262449862169,8,2,2,2,0,2,1,2,72.0,6
6,150000,2,20.0,1,2,3,0,0,5,11.918390573078392,8,0,0,2,0,4,1,1,60.0,12
7,41790,2,8.0,0,2,2,1,0,5,10.640412355441962,4,2,2,1,0,2,0,2,16.0,6
0,94990,0,16.0,1,2,3,0,0,5,11.461526901884229,8,1,2,0,0,2,1,1,16.0,6
0,129990,0,16.0,1,2,3,0,0,5,11.775212803402065,8,2,2,0,0,2,1,1,16.0,6
2,61625,2,12.0,0,2,2,1,0,5,11.02882291134499,4,2,2,2,0,2,0,1,36.0,6
3,86730,2,16.0,4,2,2,0,0,5,11.370555123678502,4,2,0,2,1,0,0,2,48.0,6
2,104990,2,16.0,0,2,3,0,0,5,11.561620386508986,8,2,2,2,0,2,1,1,48.0,6
6,31800,0,8.0,0,2,0,0,0,1,10.367221568768269,0,1,2,0,0,2,0,1,8.0,6
6,63990,0,12.0,0,2,3,0,0,5,11.066482100133506,7,1,2,0,0,2,1,1,12.0,6
7,41990,2,12.0,0,2,3,0,0,5,10.64518677367824,3,1,2,1,0,2,1,2,24.0,6
2,66990,2,12.0,0,2,2,1,0,5,11.112298633502313,4,2,2,2,0,2,0,1,36.0,6
2,67990,2,12.0,0,2,3,0,0,5,11.127115914520504,6,2,2,2,1,4,1,1,36.0,8
4,80999,2,12.0,0,2,2,0,1,5,11.302192087899355,4,2,2,2,0,2,0,2,36.0,6
2,53990,2,16.0,0,2,2,0,0,5,10.896554123212333,4,1,2,2,0,2,0,1,48.0,6
4,43990,2,8.0,0,2,2,0,0,5,10.691717614342766,4,1,2,2,1,0,0,2,24.0,6
6,46400,0,16.0,0,2,0,0,0,1,10.745054738214346,0,1,2,0,0,2,0,1,16.0,6
8,79999,0,16.0,1,2,0,0,0,5,11.289769413577892,0,0,0,0,0,0,0,0,16.0,9
2,57990,2,12.0,0,2,3,0,0,5,10.968025860870489,6,1,2,2,0,2,1,1,36.0,6
2,70990,2,16.0,1,2,3,0,0,5,11.170294301033431,7,1,2,2,0,2,1,1,48.0,6
3,75990,2,16.0,0,2,3,0,0,5,11.238357031663831,3,2,2,2,0,2,1,2,48.0,6
4,69990,2,16.0,0,2,2,1,0,5,11.156107653683586,4,2,2,2,0,2,0,2,48.0,6
3,355490,2,20.0,1,2,3,0,1,5,12.781252398434576,8,0,0,2,3,3,1,2,60.0,20
6,32780,2,8.0,0,2,2,1,0,1,10.39757385229782,4,1,2,2,0,2,0,1,24.0,6
7,34990,2,8.0,0,2,2,1,0,5,10.462817585361734,4,2,2,2,1,0,0,2,24.0,6
4,58800,0,16.0,0,2,0,0,0,5,10.98189713388672,0,2,2,0,0,2,0,2,16.0,6
2,59990,0,12.0,0,2,3,0,0,5,11.00193316064714,6,1,2,0,0,2,1,1,12.0,6
6,32490,2,8.0,0,2,2,1,0,5,10.388687628663146,4,1,2,2,1,0,0,1,24.0,6
3,158990,2,12.0,1,2,3,0,0,5,11.976596586142756,8,2,0,2,0,0,1,2,36.0,9
4,156990,2,24.0,1,2,3,0,0,5,11.963937388034363,8,2,0,2,3,0,1,2,72.0,12
3,39490,2,6.0,0,2,2,1,0,5,10.583802754280695,4,1,2,2,0,2,0,2,18.0,6
6,172990,2,20.0,1,2,3,0,0,5,12.060989068341025,8,0,0,2,0,0,1,1,60.0,9
4,62687,0,12.0,0,2,0,0,0,5,11.045909368600698,0,2,2,0,0,2,0,2,12.0,6
4,67990,2,12.0,0,2,3,0,0,5,11.127115914520504,7,2,2,2,0,2,1,2,36.0,6
4,59990,0,12.0,0,2,3,0,0,5,11.00193316064714,7,1,2,0,0,2,1,2,12.0,6
2,38990,2,4.0,0,2,2,1,0,5,10.571060481976644,4,2,2,1,1,0,0,1,8.0,6
3,130990,2,12.0,1,2,3,0,0,5,11.782876263391694,8,2,2,2,0,2,1,2,36.0,6
3,178490,2,32.0,1,2,3,0,0,5,12.092287856223551,8,2,0,2,0,0,1,2,96.0,9
8,43990,2,16.0,1,2,2,0,0,5,10.691717614342766,4,2,2,2,1,4,0,0,48.0,8
2,39990,2,8.0,0,2,2,1,0,5,10.596384701840863,4,1,2,2,0,2,0,1,24.0,6
4,89990,2,12.0,0,2,2,1,1,5,11.407453832027992,4,2,2,2,1,0,0,2,36.0,6
2,109990,2,20.0,0,2,3,0,0,5,11.608144731551162,8,2,2,2,0,2,1,1,60.0,6
2,66990,2,12.0,0,2,3,0,0,5,11.112298633502313,6,2,2,2,0,2,1,1,36.0,6
0,69990,2,12.0,0,2,3,0,0,5,11.156107653683586,6,1,2,2,1,0,1,1,36.0,6
2,149990,2,20.0,0,2,3,0,0,5,11.918323904189403,8,2,0,2,0,2,1,1,60.0,6
2,144900,0,16.0,4,2,3,0,1,5,11.883799128308771,8,2,0,2,1,4,1,1,48.0,8
2,114990,0,16.0,1,2,3,0,0,5,11.65260044704271,8,2,0,0,1,4,1,1,16.0,8
2,109676,2,16.0,1,2,3,0,0,5,11.605285843841036,8,2,0,2,0,2,1,1,48.0,6
2,198999,2,32.0,1,2,3,0,0,5,12.201055078568375,8,2,0,2,0,0,1,1,96.0,9
2,47250,2,12.0,0,2,2,0,0,5,10.763207932921889,4,1,2,2,0,2,0,1,36.0,6
4,51549,2,8.0,0,2,2,1,0,5,10.850288090614857,4,2,2,1,0,2,0,2,16.0,6
4,60499,2,12.0,0,2,2,1,0,5,11.010382114956707,4,2,2,2,0,2,0,2,36.0,6
2,109990,2,20.0,0,2,3,0,0,5,11.608144731551162,7,2,0,2,0,2,1,1,60.0,6
2,199990,2,16.0,4,2,3,0,1,5,12.206022644280132,8,2,0,2,0,4,1,1,48.0,12
4,53999,0,12.0,0,2,0,0,0,5,10.896720806856424,0,1,2,0,0,2,0,2,12.0,6
2,75990,2,16.0,0,2,3,0,0,5,11.238357031663831,7,2,2,2,0,2,1,1,48.0,6
2,55689,2,12.0,0,2,3,0,0,5,10.927537919877333,6,1,2,1,3,2,1,1,24.0,8
0,32990,2,8.0,0,2,2,0,0,5,10.403959764222629,4,1,2,1,1,0,0,1,16.0,6
4,43490,0,8.0,4,2,0,0,0,5,10.680286305591684,0,2,2,0,0,2,0,2,8.0,6
4,89999,2,16.0,0,2,2,1,0,5,11.40755383813956,4,2,0,2,0,2,0,2,48.0,6
4,41780,2,8.0,0,2,2,1,0,5,10.640173035110555,4,1,2,2,0,2,0,2,24.0,6
4,52999,0,12.0,0,2,3,0,0,5,10.878028324431728,3,1,2,0,0,2,1,2,12.0,6
0,112990,2,24.0,1,2,3,0,0,5,11.635054598203292,8,2,2,2,0,2,1,1,72.0,6
3,37790,0,12.0,0,2,0,0,0,5,10.539799796343535,0,1,2,0,1,0,0,2,12.0,6
7,55990,2,12.0,1,2,3,0,0,5,10.932928382342938,6,1,2,2,0,2,1,2,36.0,6
4,33990,0,8.0,4,2,0,0,0,5,10.433821642690162,0,1,2,0,0,2,0,2,8.0,6
4,107990,2,20.0,0,2,3,0,0,5,11.589793909226806,8,2,2,2,0,2,1,2,60.0,6
2,89999,2,16.0,4,2,2,0,1,5,11.40755383813956,4,2,2,2,1,4,0,1,48.0,8
2,109900,2,20.0,4,2,2,1,0,5,11.607326140391711,4,2,0,2,0,4,0,1,60.0,12
2,68990,2,16.0,0,2,2,1,0,5,11.141716845540154,4,2,2,2,0,2,0,1,48.0,6
2,58990,0,12.0,0,2,0,0,1,5,10.98512321699712,0,1,2,0,1,0,0,1,12.0,6
6,20990,2,12.0,0,2,2,1,0,1,9.951801412814678,4,1,1,2,0,2,0,1,36.0,6
0,29990,2,8.0,0,2,2,0,0,5,10.308619271743057,4,1,2,2,1,0,0,1,24.0,6
8,54990,2,12.0,0,2,2,0,0,5,10.91490662950186,4,2,2,2,1,0,0,0,36.0,6
6,32990,2,8.0,0,2,2,1,0,5,10.403959764222629,4,1,2,2,0,2,0,1,24.0,6
4,41697,0,8.0,4,2,0,0,0,5,10.638184462752868,0,1,2,0,0,2,0,2,8.0,6
3,49990,0,12.0,0,2,0,0,0,5,10.819578264407616,0,2,2,0,1,0,0,2,12.0,6
6,45990,2,12.0,0,2,2,0,0,5,10.73617926053397,4,1,2,2,1,0,0,1,36.0,6
7,35090,2,8.0,0,2,2,1,0,5,10.46567146857726,4,1,2,1,1,0,0,2,16.0,6
7,39499,2,12.0,0,2,2,1,0,5,10.58403063411305,4,1,2,2,1,0,0,2,36.0,6
0,29990,2,8.0,4,2,2,1,0,5,10.308619271743057,4,1,2,2,0,2,0,1,24.0,6
7,159990,2,16.0,4,2,3,0,1,5,11.982866592262758,8,0,0,2,0,0,1,2,48.0,9
7,41990,2,12.0,0,2,2,1,0,5,10.64518677367824,4,2,2,2,1,0,0,2,36.0,6
7,32990,2,4.0,0,2,2,1,0,5,10.403959764222629,4,1,2,1,1,0,0,2,8.0,6
2,42990,0,8.0,4,2,0,0,0,5,10.668722809490328,0,1,2,0,0,2,0,1,8.0,6
2,43990,0,8.0,4,2,0,0,0,5,10.691717614342766,0,2,2,0,0,2,0,1,8.0,6
2,46990,0,8.0,4,2,0,0,0,5,10.757690092096862,0,1,2,0,0,2,0,1,8.0,6
4,67151,0,12.0,0,2,3,0,0,5,11.11469909387326,7,2,2,0,0,2,1,2,12.0,6
6,33990,0,12.0,0,2,0,0,0,5,10.433821642690162,0,1,2,0,0,2,0,1,12.0,6
6,40990,0,12.0,0,2,0,0,0,5,10.621083413498384,0,2,2,0,0,2,0,1,12.0,6
6,33990,0,8.0,4,2,0,0,0,5,10.433821642690162,0,1,2,2,0,2,0,1,24.0,6
9,124990,2,16.0,4,2,2,0,0,5,11.735989013084268,4,2,2,2,1,4,0,3,48.0,8
9,116990,2,16.0,4,2,2,0,0,5,11.669843740041648,4,2,2,2,1,4,0,3,48.0,8
9,133990,2,16.0,3,2,2,0,1,5,11.805520449282652,4,2,0,2,0,2,0,3,48.0,6
9,109990,2,16.0,3,2,2,0,1,5,11.608144731551162,4,2,2,2,0,2,0,3,48.0,6
4,25599,0,4.0,0,2,0,0,0,5,10.150308567204696,0,1,2,0,1,1,0,2,4.0,2
2,31990,2,4.0,0,2,2,0,0,5,10.373178632943564,4,1,2,1,0,2,0,1,8.0,6
8,14990,3,12.0,2,0,4,0,0,3,9.615138591096644,2,1,1,2,2,2,0,0,36.0,2
4,49728,0,12.0,0,2,0,0,0,5,10.81432343372732,0,1,2,0,0,2,0,2,12.0,6
4,36990,2,4.0,0,2,2,0,0,5,10.5184028848265,4,1,2,1,0,2,0,2,8.0,6
4,71790,2,16.0,0,2,2,1,0,5,11.181500469570528,4,2,2,2,1,4,0,2,48.0,8
9,69990,2,12.0,3,2,2,1,0,5,11.156107653683586,4,1,2,2,0,2,0,3,36.0,6
6,49990,2,8.0,0,2,3,0,0,5,10.819578264407616,3,1,2,1,0,2,1,1,16.0,6
4,31890,0,8.0,0,2,0,0,0,5,10.370047760004104,0,1,2,0,0,2,0,2,8.0,6
3,47790,2,12.0,0,2,2,0,0,5,10.774571691572204,4,1,2,2,0,2,0,2,36.0,6
3,54990,2,12.0,0,2,2,0,0,5,10.91490662950186,4,2,2,2,1,0,0,2,36.0,6
4,80969,2,12.0,3,2,2,1,1,5,11.301821644350715,4,2,2,2,1,0,0,2,36.0,6
3,46990,2,12.0,0,2,2,0,0,5,10.757690092096862,4,1,2,2,1,0,0,2,36.0,6
8,161300,2,12.0,4,2,2,0,1,5,11.9910212641133,4,2,1,2,2,3,0,0,36.0,5
8,261990,2,12.0,4,2,2,0,1,5,12.476061614075888,4,0,0,2,2,3,0,0,36.0,5
8,102990,2,12.0,4,2,2,0,1,5,11.542387175119847,4,1,1,2,2,3,0,0,36.0,5
3,93831,0,16.0,1,2,3,0,0,5,11.449250570799508,7,2,2,0,0,2,1,2,16.0,6
8,99990,2,12.0,4,2,2,0,1,5,11.512825459969894,4,1,1,2,2,3,0,0,36.0,5
6,66999,0,16.0,0,2,0,0,1,5,11.112432972888584,0,2,2,0,1,0,0,1,16.0,6
3,45990,2,12.0,0,2,2,0,0,5,10.73617926053397,4,1,2,2,0,2,0,2,36.0,6
3,69994,2,16.0,1,2,2,1,0,5,11.156164803072102,4,2,2,2,2,4,0,2,48.0,4
4,75990,2,12.0,3,2,2,0,1,5,11.238357031663831,4,1,2,2,2,0,0,2,36.0,3
6,29990,0,8.0,0,2,0,0,0,5,10.308619271743057,0,1,2,0,0,2,0,1,8.0,6
6,29990,2,12.0,0,2,2,1,0,5,10.308619271743057,4,1,1,2,1,0,0,1,36.0,6
0,26990,0,4.0,0,2,0,0,0,5,10.20322170601205,0,1,1,0,1,1,0,1,4.0,2
4,63999,0,16.0,0,2,3,0,0,5,11.066622737219737,7,2,2,0,0,2,1,2,16.0,6
6,47990,2,12.0,0,2,2,0,0,5,10.77874793485229,4,1,2,2,0,2,0,1,36.0,6
7,56990,2,16.0,0,2,3,0,0,4,10.950631092829044,7,1,2,1,0,2,1,2,32.0,6
4,53990,2,12.0,0,2,2,0,0,5,10.896554123212333,4,2,2,2,0,2,0,2,36.0,6
4,60479,2,12.0,0,2,3,0,0,5,11.010051476325186,3,1,2,2,0,2,1,2,36.0,6
4,49999,2,12.0,0,2,2,0,0,5,10.81975828421028,4,1,2,2,0,2,0,2,36.0,6
4,44013,0,12.0,0,2,0,0,0,5,10.692240323807754,0,2,2,0,0,2,0,2,12.0,6
4,61499,2,12.0,0,2,3,0,0,5,11.02677619349981,3,1,2,2,0,2,1,2,36.0,6
3,82588,0,16.0,1,2,3,0,0,5,11.32161967050477,7,2,2,0,0,2,1,2,16.0,6
2,52100,0,12.0,0,2,0,0,0,5,10.860920227741458,0,2,2,0,0,2,0,1,12.0,6
3,41899,2,8.0,0,2,2,0,0,5,10.643017239276974,4,1,2,1,1,0,0,2,16.0,6
3,75290,2,12.0,0,2,3,0,1,5,11.229102602844169,3,1,2,2,1,0,1,2,36.0,6
3,83990,2,12.0,0,2,3,0,1,5,11.338453023119673,3,2,2,2,1,0,1,2,36.0,6
7,46990,2,12.0,0,2,3,0,0,4,10.757690092096862,3,1,2,1,0,2,1,2,24.0,6
4,58990,2,16.0,0,2,2,1,0,5,10.98512321699712,4,1,2,2,0,2,0,2,48.0,6
4,76990,2,12.0,0,2,2,0,0,5,11.251430822272097,4,2,0,2,1,0,0,2,36.0,6
4,61999,2,16.0,0,2,2,0,0,5,11.034873534864897,4,1,2,2,0,2,0,2,48.0,6
3,67990,2,16.0,1,2,3,0,0,5,11.127115914520504,7,1,2,2,0,2,1,2,48.0,6
3,117490,2,20.0,1,2,3,0,0,5,11.674108502561618,7,2,2,2,0,2,1,2,60.0,6
4,76999,0,16.0,0,2,3,0,0,5,11.251547713738502,7,2,2,0,0,2,1,2,16.0,6
2,15990,2,12.0,0,2,2,0,0,5,9.679718805828,4,1,1,2,2,2,0,1,36.0,2
2,14490,2,12.0,0,2,2,0,0,5,9.581214035314728,4,1,1,2,2,2,0,1,36.0,2
3,245490,2,16.0,0,2,3,0,0,5,12.411011492189536,7,2,0,1,0,2,1,2,32.0,6
4,76600,2,16.0,0,2,2,0,0,5,11.246352355728682,4,2,2,2,0,2,0,2,48.0,6
4,66999,2,8.0,0,2,2,0,1,5,11.112432972888584,4,2,2,1,1,0,0,2,16.0,6
3,58990,0,12.0,0,2,0,0,0,5,10.98512321699712,0,2,2,0,0,2,0,2,12.0,6
4,38250,0,12.0,0,2,0,0,0,5,10.55189883925468,0,1,2,0,0,2,0,2,12.0,6
4,32610,0,8.0,0,2,0,0,0,5,10.392374268783366,0,1,2,0,0,2,0,2,8.0,6
6,106305,0,16.0,0,2,3,0,0,5,11.574067599912466,7,2,0,0,0,0,1,1,16.0,9
3,114900,2,8.0,0,2,2,0,0,4,11.651817463836847,4,2,2,1,1,0,0,2,16.0,6
4,55999,0,12.0,0,2,3,0,0,4,10.933089112414988,3,1,2,0,0,2,1,2,12.0,6
3,86999,2,8.0,0,2,2,0,1,4,11.373651903317787,4,2,2,1,1,0,0,2,16.0,6
8,38990,2,8.0,0,2,2,1,0,4,10.571060481976644,4,2,0,1,1,0,0,0,16.0,6
8,69000,3,12.0,3,2,4,0,1,4,11.141861783579396,2,1,1,2,2,3,0,0,36.0,5
8,20490,0,8.0,0,2,0,0,0,4,9.927692241232943,0,1,2,0,1,0,0,0,8.0,6
1,109999,2,8.0,3,2,2,0,0,2,11.60822655382414,4,1,2,1,2,4,0,3,16.0,4
9,59411,2,12.0,0,2,2,0,0,4,10.99223467339126,4,1,0,1,2,0,0,3,24.0,3
1,201498,2,12.0,0,2,0,0,0,2,12.213534734761303,0,0,0,1,0,4,0,3,24.0,12
4,90464,2,8.0,0,2,2,1,0,4,11.412707260493317,4,1,2,1,1,0,0,2,16.0,6
3,87990,2,8.0,0,2,3,0,0,4,11.384978450639606,3,1,1,1,2,0,1,2,16.0,3
8,56990,2,12.0,3,2,2,0,0,5,10.950631092829044,4,1,2,2,0,2,0,0,36.0,6
8,54990,2,12.0,3,2,2,0,0,5,10.91490662950186,4,1,2,2,1,0,0,0,36.0,6
6,109990,2,16.0,5,2,3,0,0,5,11.608144731551162,7,2,2,2,1,0,1,1,48.0,6
6,129990,2,16.0,5,2,3,0,0,5,11.775212803402065,7,2,2,2,1,0,1,1,48.0,6
6,63490,2,12.0,0,2,2,1,0,5,11.058637692164496,4,1,2,2,0,2,0,1,36.0,6
5,37990,2,8.0,3,2,2,1,0,5,10.54507824618167,4,1,2,2,0,2,0,0,24.0,6
7,87990,2,12.0,0,2,2,1,0,5,11.384978450639606,4,2,2,2,1,0,0,2,36.0,6
6,30700,2,2.0,0,2,2,0,0,5,10.332017933575289,4,1,2,0,0,1,0,1,2.0,3
8,58990,2,12.0,3,2,2,0,0,5,10.98512321699712,4,2,2,2,0,2,0,0,36.0,6
7,104990,0,16.0,1,2,3,0,0,5,11.561620386508986,8,2,2,1,0,2,1,2,32.0,6
7,109990,2,20.0,0,2,2,1,0,5,11.608144731551162,4,0,0,2,1,0,0,2,60.0,6
7,65990,0,12.0,0,2,3,0,0,5,11.097258494377469,6,2,2,0,0,2,1,2,12.0,6
7,71990,0,12.0,0,2,3,0,0,5,11.184282499463349,7,2,2,0,0,2,1,2,12.0,6
7,81990,0,12.0,0,2,3,0,0,5,11.314352567590223,8,2,2,0,0,2,1,2,12.0,6
7,91990,0,16.0,0,2,3,0,0,5,11.429435154471204,8,2,0,0,0,2,1,2,16.0,6
7,99990,0,16.0,0,2,3,0,0,5,11.512825459969894,8,2,0,0,0,2,1,2,16.0,6
7,279990,2,32.0,1,2,3,0,0,5,12.542509167227902,8,0,0,2,3,0,1,2,96.0,12
5,32990,2,8.0,3,2,2,1,0,5,10.403959764222629,4,1,2,1,1,0,0,0,16.0,6
7,69990,2,20.0,0,2,2,1,0,5,11.156107653683586,4,2,0,2,0,2,0,2,60.0,6
7,79990,2,20.0,0,2,2,1,0,5,11.289656905842868,4,2,0,2,0,2,0,2,60.0,6
7,59990,2,12.0,0,2,2,1,0,5,11.00193316064714,4,2,2,2,0,2,0,2,36.0,6
8,21990,2,4.0,4,2,2,1,0,5,9.998343083548807,4,1,1,2,0,2,0,0,12.0,6
7,199990,2,22.0,1,2,3,0,0,5,12.206022644280132,8,0,0,2,0,0,1,2,66.0,9
7,58990,2,12.0,0,2,2,1,0,5,10.98512321699712,4,2,2,2,1,0,0,2,36.0,6
6,73882,2,12.0,1,2,3,0,0,5,11.21022450487259,6,2,2,2,0,2,1,1,36.0,6
7,78990,2,20.0,0,2,2,1,0,5,11.277076541158465,4,2,0,2,1,0,0,2,60.0,6
7,68990,2,16.0,0,2,2,1,0,5,11.141716845540154,4,2,0,2,1,0,0,2,48.0,6
7,99990,2,18.0,4,2,2,0,0,5,11.512825459969894,4,2,0,2,2,3,0,2,54.0,5
2,65990,2,12.0,6,2,3,0,0,5,11.097258494377469,6,2,2,1,3,2,1,1,24.0,8
3,79990,2,16.0,1,2,3,0,0,5,11.289656905842868,7,2,2,2,0,2,1,2,48.0,6
6,73990,2,12.0,0,2,2,0,0,5,11.211685227919595,4,2,2,2,1,0,0,1,36.0,6
6,55990,2,12.0,0,2,2,0,0,5,10.932928382342938,4,2,2,2,0,2,0,1,36.0,6
4,97990,2,12.0,5,2,2,1,0,5,11.492620711629865,4,2,0,2,1,4,0,2,36.0,8
8,39990,2,8.0,6,2,2,0,0,5,10.596384701840863,4,2,2,1,2,4,0,0,16.0,4
5,52990,2,12.0,3,2,2,1,0,5,10.877858495486809,4,2,2,2,0,2,0,0,36.0,6
6,28190,2,4.0,3,0,2,0,0,0,10.246722584108158,4,1,1,2,1,1,0,1,12.0,2
4,58500,0,12.0,0,2,0,0,0,5,10.976782033219948,0,2,2,0,0,2,0,2,12.0,6
6,50990,0,8.0,0,2,3,0,0,5,10.839384814049202,6,2,2,0,0,2,1,1,8.0,6
2,26990,3,12.0,3,0,4,0,1,0,10.20322170601205,2,1,1,2,1,0,0,1,36.0,6
6,49990,2,8.0,0,2,2,0,0,5,10.819578264407616,4,1,2,2,0,2,0,1,24.0,6
0,49199,2,12.0,0,2,2,0,0,5,10.803628577070588,4,2,0,2,0,2,0,1,36.0,6
4,159990,2,22.0,5,2,2,0,1,5,11.982866592262758,4,0,0,2,1,4,0,2,66.0,8
4,159990,2,22.0,5,2,2,0,1,5,11.982866592262758,4,0,0,2,1,4,0,2,66.0,8
0,73990,2,12.0,1,2,3,0,0,5,11.211685227919595,7,2,2,2,0,2,1,1,36.0,6
6,43990,2,6.0,4,2,2,1,0,5,10.691717614342766,4,1,2,2,0,2,0,1,18.0,6
8,34990,2,8.0,0,2,2,0,0,5,10.462817585361734,4,2,2,1,1,0,0,0,16.0,6
8,32971,0,12.0,0,2,0,0,0,5,10.403383666209391,0,1,1,0,1,0,0,0,12.0,6
6,145000,2,5.0,3,2,2,1,1,4,11.884489021402713,4,1,0,1,2,0,0,1,10.0,3
4,80640,0,12.0,4,2,0,0,1,5,11.297750083305196,0,1,2,0,0,2,0,2,12.0,6
7,113999,2,22.0,4,2,2,0,0,5,11.643944955408337,4,2,2,2,2,0,0,2,66.0,3
4,151490,2,24.0,1,2,3,0,0,5,11.92827489515237,8,2,2,2,0,2,1,2,72.0,6
6,53990,2,8.0,2,2,2,1,1,5,10.896554123212333,4,1,2,2,1,0,0,1,24.0,6
0,199999,2,22.0,5,2,3,0,0,5,12.206067645517674,8,0,0,2,0,4,1,1,66.0,12
6,45990,2,8.0,0,2,2,0,0,1,10.73617926053397,4,1,2,1,1,1,0,1,16.0,2
6,48900,2,8.0,0,2,2,1,0,5,10.797532675462964,4,1,2,1,0,2,0,1,16.0,6
2,34990,2,8.0,4,0,2,1,0,0,10.462817585361734,4,1,1,2,1,0,0,1,24.0,6
6,45990,2,8.0,0,2,2,1,0,4,10.73617926053397,4,1,2,1,1,0,0,1,16.0,6
0,149900,0,16.0,1,2,3,0,0,5,11.917723684090689,8,2,0,1,0,2,1,1,32.0,6
8,81999,3,12.0,0,2,2,0,0,3,11.31446233105008,5,2,2,2,1,0,0,0,36.0,6
6,62990,2,12.0,0,2,2,1,0,5,11.050731262615974,4,2,2,2,0,2,0,1,36.0,6
6,81400,2,16.0,5,2,2,1,0,5,11.307130551990632,4,2,0,2,1,0,0,1,48.0,6
8,80999,2,20.0,0,2,2,0,1,5,11.302192087899355,4,2,0,2,1,4,0,0,60.0,8
3,34450,0,8.0,4,2,0,0,0,5,10.447264276441803,0,1,2,0,0,2,0,2,8.0,6
6,26490,2,2.0,0,2,2,1,0,5,10.184522582266116,4,1,1,0,1,1,0,1,2.0,2
4,51980,0,16.0,0,2,0,0,0,5,10.85861430819548,0,2,2,0,0,2,0,2,16.0,6
6,67990,2,12.0,0,2,3,0,0,5,11.127115914520504,7,2,2,2,0,2,1,1,36.0,6
3,35500,2,4.0,0,2,2,0,0,3,10.477287975463508,4,1,2,1,0,2,0,2,8.0,6
3,34990,2,4.0,0,2,2,0,0,5,10.462817585361734,4,1,2,1,0,2,0,2,8.0,6
6,67900,2,12.0,0,2,2,0,0,1,11.125791313546788,4,1,2,2,1,0,0,1,36.0,6
6,31500,2,4.0,0,2,2,0,0,5,10.357742824813725,4,1,1,1,0,2,0,1,8.0,6
7,519990,2,32.0,1,2,3,0,0,5,13.161564859603466,7,0,0,2,3,0,1,2,96.0,12
0,50000,2,8.0,0,2,2,0,0,5,10.819778284410283,4,2,0,1,0,2,0,1,16.0,6
6,218990,2,12.0,4,2,2,0,0,5,12.296781345655637,4,2,0,2,1,0,0,1,36.0,6
8,30834,2,8.0,0,2,2,1,0,5,10.336373256220284,4,1,2,2,0,2,0,0,24.0,6
0,43990,2,12.0,0,2,2,0,0,5,10.691717614342766,4,1,2,2,0,2,0,1,36.0,6
8,19299,2,2.0,0,2,2,1,0,5,9.86780856007911,4,1,1,2,1,0,0,0,6.0,6
6,123190,2,16.0,4,2,2,1,1,5,11.72148315795602,4,2,0,2,2,4,0,1,48.0,4
0,46990,2,12.0,0,2,2,0,0,5,10.757690092096862,4,1,2,2,0,2,0,1,36.0,6
8,20035,2,2.0,0,2,2,1,0,5,9.905236023070245,4,1,2,2,0,2,0,0,6.0,6
4,154999,2,12.0,3,2,2,0,1,5,11.95117394426767,4,2,2,2,1,3,0,2,36.0,10
4,79000,2,12.0,0,2,2,0,0,5,11.27720313144916,4,2,2,2,1,1,0,2,36.0,2
0,44990,2,8.0,0,2,2,0,0,5,10.71419552183522,4,1,0,1,0,2,0,1,16.0,6
6,48989,2,12.0,0,2,2,0,0,1,10.79935106209524,4,1,2,2,1,0,0,1,36.0,6
0,59900,2,12.0,4,2,2,1,0,5,11.00043178410354,4,2,2,2,1,0,0,1,36.0,6
3,88990,2,12.0,4,2,2,1,1,5,11.396279282850909,4,1,2,2,1,0,0,2,36.0,6
4,124999,2,20.0,0,2,3,0,0,5,11.73606101625244,7,2,0,2,0,0,1,2,60.0,9
8,72990,2,16.0,0,2,3,0,0,5,11.198077724445678,8,1,2,2,0,2,1,0,48.0,6
6,52400,2,8.0,0,2,3,0,0,5,10.866661870309134,3,2,2,1,0,2,1,1,16.0,6
3,66990,2,12.0,0,2,2,0,0,5,11.112298633502313,4,2,0,2,0,2,0,2,36.0,6
7,184990,2,24.0,1,2,3,0,0,5,12.128057048545434,8,2,0,2,0,0,1,2,72.0,9
6,91190,2,16.0,4,2,2,1,1,5,11.420700520927712,4,2,2,2,1,0,0,1,48.0,6
2,58990,0,12.0,0,2,2,0,0,5,10.98512321699712,4,2,0,0,0,2,0,1,12.0,6
2,62940,0,16.0,0,2,0,1,0,5,11.049937170618398,4,2,2,0,0,2,0,1,16.0,6
6,34821,0,8.0,1,2,0,0,0,5,10.457975932036732,0,1,2,0,0,2,0,1,8.0,6
6,37800,2,4.0,0,2,2,0,0,5,10.54006438160768,4,1,2,1,1,0,0,1,8.0,6
6,32990,2,8.0,0,2,2,0,0,5,10.403959764222629,4,1,1,2,0,2,0,1,24.0,6
2,45890,0,8.0,4,2,0,0,0,5,10.73400250738888,0,2,2,0,1,0,0,1,8.0,6
0,53499,2,8.0,0,2,2,0,0,5,10.887418241120622,4,2,0,1,0,2,0,1,16.0,6
2,76990,0,16.0,0,2,3,0,0,5,11.251430822272097,7,2,2,0,0,2,1,1,16.0,6
0,23990,2,2.0,3,2,2,1,0,0,10.08539235583374,4,1,1,2,1,0,0,1,6.0,6
3,36490,2,4.0,0,2,2,0,0,5,10.504793529430492,4,1,2,1,0,2,0,2,8.0,6
3,47974,2,8.0,4,2,2,0,1,5,10.778414476468976,4,1,1,2,1,0,0,2,24.0,6
8,13990,2,2.0,0,2,2,1,0,5,9.546098067659528,4,1,1,2,1,1,0,0,6.0,2
8,31990,2,12.0,0,2,2,1,0,5,10.373178632943564,4,1,2,2,0,2,0,0,36.0,6
0,65990,2,12.0,1,2,3,0,0,5,11.097258494377469,6,2,2,2,0,2,1,1,36.0,6
4,49980,2,12.0,0,2,2,1,0,5,10.819378204388943,4,1,2,2,0,2,0,2,36.0,6
8,15990,2,2.0,0,2,2,1,0,5,9.679718805828,4,1,1,2,1,1,0,0,6.0,2
0,63990,2,12.0,1,2,3,0,0,5,11.066482100133506,6,1,2,2,0,2,1,1,36.0,6
4,161039,2,24.0,1,2,3,0,0,5,11.989401850657035,8,2,2,2,0,0,1,2,72.0,9
4,89990,0,16.0,5,2,0,0,0,5,11.407453832027992,0,2,0,0,1,4,0,2,16.0,8
4,151990,2,24.0,1,2,3,0,0,5,11.931570008190509,8,2,2,2,3,2,1,2,72.0,8
6,80190,2,16.0,4,2,2,1,0,5,11.292154097801074,4,2,2,2,1,0,0,1,48.0,6
6,51990,0,12.0,0,2,3,0,0,5,10.858806671377762,6,1,2,0,0,2,1,1,12.0,6
6,37990,0,12.0,0,2,0,0,0,5,10.54507824618167,0,1,2,0,0,2,0,1,12.0,6
2,61786,2,12.0,0,2,3,0,0,5,11.031432080565525,6,2,2,1,3,2,1,1,24.0,8
3,58990,2,12.0,4,2,2,0,0,5,10.98512321699712,4,1,2,2,1,0,0,2,36.0,6
6,73990,2,12.0,3,2,2,1,1,5,11.211685227919595,4,2,2,2,1,0,0,1,36.0,6
6,164190,0,16.0,1,2,3,0,0,5,12.008779572806072,8,2,0,0,0,0,1,1,16.0,9
6,106000,2,20.0,5,2,2,1,0,5,11.571194373094205,4,2,2,2,1,0,0,1,60.0,6
6,87774,0,16.0,4,2,3,0,0,5,11.38252060820614,7,2,2,0,0,0,1,1,16.0,9
6,103395,0,16.0,0,2,3,0,0,5,11.546311883987862,7,2,2,0,0,0,1,1,16.0,9
6,39990,0,8.0,4,2,0,0,0,5,10.596384701840863,0,1,2,0,0,2,0,1,8.0,6
6,298990,2,32.0,1,2,3,0,0,5,12.60816540699748,8,0,0,2,0,0,1,1,96.0,9
6,72190,2,12.0,4,2,2,1,0,5,11.187056811133209,4,2,2,2,1,0,0,1,36.0,6
7,449990,2,12.0,1,2,3,0,0,5,13.016980639277364,7,0,0,2,0,0,1,2,36.0,9
6,116190,2,16.0,4,2,0,0,1,5,11.662982061176908,0,2,0,2,1,4,0,1,48.0,8
6,87990,2,12.0,3,2,2,1,1,5,11.384978450639606,4,2,2,2,1,0,0,1,36.0,6
6,32690,2,8.0,0,2,2,0,0,5,10.394824499718256,4,1,1,2,0,2,0,1,24.0,6
0,19990,2,2.0,3,0,2,1,0,0,9.902987427494446,4,1,1,2,2,2,0,1,6.0,2
6,32500,0,8.0,4,2,0,0,0,5,10.388995368317827,0,1,2,0,0,2,0,1,8.0,6
2,86990,0,16.0,1,2,3,0,0,5,11.373548448501586,7,2,0,0,0,2,1,1,16.0,6
0,60999,2,12.0,0,2,3,0,0,5,11.018612749578452,6,2,2,2,0,2,1,1,36.0,6
3,44890,2,8.0,0,2,2,1,0,5,10.711970331775978,4,1,2,1,0,2,0,2,16.0,6
6,39990,0,8.0,4,2,0,0,0,5,10.596384701840863,0,1,2,0,0,2,0,1,8.0,6
2,68990,0,12.0,0,2,0,0,1,5,11.141716845540154,0,2,0,0,1,0,0,1,12.0,6
4,89900,2,8.0,0,2,2,0,0,5,11.406453220459712,4,2,2,1,1,0,0,2,16.0,6
3,89990,2,8.0,0,2,2,0,0,5,11.407453832027992,4,2,2,1,1,0,0,2,16.0,6
6,32990,2,8.0,0,2,2,0,0,5,10.403959764222629,4,1,1,2,0,2,0,1,24.0,6
4,20990,0,2.0,0,2,0,1,0,5,9.951801412814678,4,1,1,0,0,1,0,2,2.0,3
6,26990,0,2.0,4,2,0,0,0,5,10.20322170601205,0,1,2,2,0,1,0,1,6.0,3
6,28990,0,8.0,4,2,0,0,0,5,10.274706221915702,0,1,2,0,1,0,0,1,8.0,6
6,44900,2,12.0,0,2,2,1,0,5,10.712193073730344,4,1,2,2,0,2,0,1,36.0,6
2,89850,2,16.0,1,2,3,0,0,5,11.405896892211706,7,2,2,2,0,2,1,1,48.0,6
7,239990,2,24.0,1,2,3,0,0,5,12.388352534789382,8,0,0,2,0,0,1,2,72.0,9
6,57990,2,12.0,0,2,2,1,0,5,10.968025860870489,4,2,2,2,0,2,0,1,36.0,6
4,64490,2,12.0,0,2,2,1,0,5,11.074265452004424,4,1,2,2,1,1,0,2,36.0,2
6,64990,0,12.0,3,2,0,0,1,5,11.081988690888394,0,2,2,0,1,0,0,1,12.0,6
6,42490,2,6.0,4,2,2,0,0,5,10.657024033108858,4,1,2,2,0,2,0,1,18.0,6
4,124000,2,12.0,1,2,2,0,0,5,11.728036844587177,4,2,0,2,0,2,0,2,36.0,6
6,35232,2,4.0,0,2,2,1,0,5,10.469710039522406,4,1,2,1,0,2,0,1,8.0,6
3,66450,2,12.0,0,2,2,0,0,5,11.104205064141391,4,2,0,2,0,2,0,2,36.0,6
6,47490,2,8.0,0,2,2,0,0,5,10.768274441543168,4,2,2,1,0,2,0,1,16.0,6
0,35499,2,4.0,0,2,2,0,0,5,10.477259806052668,4,2,2,1,0,2,0,1,8.0,6
6,50990,2,8.0,0,2,3,0,0,5,10.839384814049202,3,1,2,1,0,2,1,1,16.0,6
6,86190,0,16.0,3,2,0,0,1,5,11.364309440641446,0,2,0,0,2,0,0,1,16.0,3
6,64990,0,16.0,0,2,0,0,1,5,11.081988690888394,0,2,2,0,1,0,0,1,16.0,6
8,22000,2,4.0,0,2,2,1,0,5,9.998797732340453,4,1,1,1,1,0,0,0,8.0,6
8,89990,2,12.0,4,2,2,0,1,5,11.407453832027992,4,2,1,2,2,2,0,0,36.0,2
6,128990,0,16.0,1,2,3,0,0,5,11.767490160959182,8,2,2,0,0,0,1,1,16.0,9
3,107990,2,12.0,4,2,2,0,1,5,11.589793909226806,4,2,0,2,1,0,0,2,36.0,6
6,114190,0,16.0,1,2,3,0,0,5,11.645619006695696,8,2,2,0,0,2,1,1,16.0,6
6,52940,2,8.0,0,2,3,0,0,5,10.876914475781092,6,1,2,1,0,2,1,1,16.0,6
4,89990,2,12.0,0,2,2,1,1,5,11.407453832027992,4,2,2,2,1,0,0,2,36.0,6
6,67990,2,12.0,0,2,3,0,0,5,11.127115914520504,7,2,2,2,0,2,1,1,36.0,6
6,104900,2,20.0,4,2,2,1,0,5,11.560762794384388,4,2,0,2,0,4,0,1,60.0,12
4,36990,0,8.0,4,2,0,0,0,5,10.5184028848265,0,1,2,0,0,2,0,2,8.0,6
6,69990,0,16.0,0,2,0,0,0,5,11.156107653683586,0,2,2,0,0,2,0,1,16.0,6
6,130990,0,16.0,1,2,3,0,0,5,11.782876263391694,8,2,2,0,0,0,1,1,16.0,9
4,415000,2,12.0,4,2,2,0,1,5,12.936033799212836,4,2,0,2,3,0,0,2,36.0,12
2,26100,2,2.0,0,2,2,1,0,5,10.169690593310785,4,1,2,2,0,1,0,1,6.0,3
8,69990,2,12.0,1,2,2,0,0,5,11.156107653683586,4,2,2,2,2,0,0,0,36.0,3
8,59806,2,12.0,1,2,2,0,0,5,10.99886126935372,4,2,2,2,2,0,0,0,36.0,3
2,60890,0,16.0,0,2,0,1,0,5,11.01682423660262,4,2,0,0,0,2,0,1,16.0,6
0,70990,2,16.0,4,2,2,1,0,5,11.170294301033431,4,2,2,2,1,4,0,1,48.0,8
2,50990,2,12.0,0,2,2,0,0,5,10.839384814049202,4,2,2,2,0,2,0,1,36.0,6
0,75990,2,12.0,1,2,3,0,0,5,11.238357031663831,8,1,2,2,0,2,1,1,36.0,6
4,60299,0,12.0,1,2,3,0,0,5,11.007070798829838,6,1,2,0,0,2,1,2,12.0,6
6,36890,2,4.0,0,2,2,0,0,5,10.51569579059072,4,1,2,1,0,2,0,1,8.0,6
4,49990,2,12.0,0,2,2,0,0,5,10.819578264407616,4,1,2,2,0,1,0,2,36.0,3
6,74490,2,16.0,4,2,2,0,0,5,11.218420167170322,4,2,0,2,0,2,0,1,48.0,6
2,69990,0,12.0,0,2,3,0,0,5,11.156107653683586,7,2,0,0,0,2,1,1,12.0,6
2,73990,0,16.0,0,2,3,0,0,5,11.211685227919595,7,2,0,0,0,2,1,1,16.0,6
2,82990,2,16.0,0,2,3,0,0,5,11.326475397592494,7,2,0,2,0,2,1,1,48.0,6
8,71990,2,12.0,0,2,3,0,0,5,11.184282499463349,8,2,2,2,0,2,1,0,36.0,6
3,38990,2,4.0,0,2,2,0,0,5,10.571060481976644,4,1,2,1,0,2,0,2,8.0,6
0,51990,2,12.0,0,2,3,0,0,5,10.858806671377762,6,1,2,2,0,2,1,1,36.0,6
3,57490,2,12.0,0,2,2,1,0,5,10.959366298617336,4,1,0,2,0,2,0,2,36.0,6
6,399999,2,32.0,1,2,3,0,0,5,12.899217326086994,8,0,0,2,0,4,1,1,96.0,12
2,90990,2,20.0,1,2,3,0,0,5,11.418504889350736,7,2,0,2,0,2,1,1,60.0,6
2,25751,2,2.0,3,2,2,1,1,0,10.15622874028928,4,1,1,2,1,0,0,1,6.0,6
2,14990,2,2.0,3,2,2,1,0,0,9.615138591096644,4,1,1,2,1,0,0,1,6.0,6
2,15990,2,2.0,3,2,2,1,0,0,9.679718805828,4,1,1,2,0,2,0,1,6.0,6
2,22500,2,2.0,3,2,2,1,0,0,10.021270588192513,4,1,1,2,0,2,0,1,6.0,6
2,40739,2,8.0,0,2,2,1,0,5,10.614941143578706,4,1,2,2,0,2,0,1,24.0,6
6,26490,2,2.0,0,2,2,1,0,5,10.184522582266116,4,1,1,0,0,1,0,1,2.0,3
8,130000,2,16.0,1,2,3,0,0,5,11.77528972943772,8,2,2,2,0,2,1,0,48.0,6
8,86990,2,16.0,1,2,3,0,0,5,11.373548448501586,8,1,2,2,0,2,1,0,48.0,6
6,59190,2,8.0,3,2,2,1,1,5,10.98850788768477,4,1,2,2,1,0,0,1,24.0,6
6,62190,2,12.0,4,2,2,0,0,5,11.037949494097935,4,2,2,2,0,2,0,1,36.0,6
6,69190,0,16.0,0,2,0,1,0,5,11.144611622492857,4,2,2,0,1,0,0,1,16.0,6
0,179990,2,32.0,1,2,3,0,0,5,12.100656572773524,8,2,0,2,0,2,1,1,96.0,6
6,61190,0,16.0,0,2,0,1,0,5,11.021739056456584,4,2,2,0,1,0,0,1,16.0,6
2,92990,2,16.0,0,2,3,0,0,5,11.440247239472242,8,2,2,2,0,2,1,1,48.0,6
6,42990,0,8.0,4,2,0,0,0,5,10.668722809490328,0,1,2,0,0,2,0,1,8.0,6
6,43400,2,12.0,0,2,2,1,0,1,10.678214720088496,4,1,2,2,0,2,0,1,36.0,6
2,67990,2,12.0,0,2,3,0,0,5,11.127115914520504,7,2,2,2,0,2,1,1,36.0,6
2,67990,2,12.0,0,2,3,0,0,5,11.127115914520504,7,2,2,2,0,2,1,1,36.0,6
2,69990,2,12.0,0,2,3,0,0,5,11.156107653683586,6,2,2,2,1,0,1,1,36.0,6
2,76990,2,12.0,0,2,3,0,0,5,11.251430822272097,8,2,2,2,0,2,1,1,36.0,6
7,62990,2,12.0,0,2,3,0,0,5,11.050731262615974,7,2,2,1,0,2,1,2,24.0,6
7,85990,2,16.0,1,2,3,0,0,5,11.361986289404944,7,2,2,2,0,2,1,2,48.0,6
0,34990,0,12.0,0,2,0,0,0,5,10.462817585361734,0,2,2,0,1,1,0,1,12.0,2
2,35990,2,8.0,0,2,2,1,0,5,10.490996401073076,4,1,2,2,0,2,0,1,24.0,6
2,68800,0,12.0,0,2,3,0,0,5,11.138959023921435,7,2,2,0,0,2,1,1,12.0,6
6,46990,2,8.0,0,2,2,0,0,1,10.757690092096862,4,1,2,1,1,1,0,1,16.0,2
3,36990,2,4.0,0,2,2,0,0,5,10.5184028848265,4,1,2,1,0,2,0,2,8.0,6
2,52990,2,12.0,0,2,3,0,0,5,10.877858495486809,6,2,2,1,0,2,1,1,24.0,6
6,48990,0,16.0,0,2,0,0,0,5,10.79937147463262,0,2,2,0,0,2,0,1,16.0,6
4,153490,2,24.0,1,2,3,0,0,5,11.941390697307456,8,2,2,2,0,2,1,2,72.0,6
6,58850,2,8.0,0,2,3,0,0,5,10.982747112688422,3,1,2,1,0,2,1,1,16.0,6
2,57400,0,12.0,0,2,3,0,0,5,10.957799582307658,3,2,2,0,0,2,1,1,12.0,6
4,34000,0,4.0,0,2,0,0,0,5,10.4341158035983,0,1,2,0,0,2,0,2,4.0,6
2,35990,0,8.0,4,2,0,0,0,5,10.490996401073076,0,1,2,0,1,0,0,1,8.0,6
8,23990,2,8.0,2,2,2,0,0,5,10.08539235583374,4,1,1,1,0,2,0,0,16.0,6
0,39990,2,8.0,0,2,2,0,0,5,10.596384701840863,4,1,2,2,1,0,0,1,24.0,6
6,70190,2,16.0,4,2,2,1,0,5,11.158961129724467,4,2,2,2,0,2,0,1,48.0,6
6,36490,2,4.0,0,2,2,1,0,5,10.504793529430492,4,1,2,1,0,2,0,1,8.0,6
7,56990,2,12.0,0,1,3,0,0,5,10.950631092829044,6,2,0,1,0,2,1,2,24.0,6
7,61990,2,12.0,0,1,3,0,0,5,11.034728360695963,6,2,0,1,0,2,1,2,24.0,6
8,29990,2,8.0,0,2,2,1,0,5,10.308619271743057,4,1,2,1,1,0,0,0,16.0,6
6,67190,2,12.0,4,2,2,1,0,5,11.115279705914196,4,2,2,2,1,0,0,1,36.0,6
6,84190,2,20.0,4,2,2,1,0,5,11.34083142833171,4,2,2,2,0,2,0,1,60.0,6
3,36399,2,4.0,0,2,2,0,0,5,10.502296580719984,4,1,2,1,0,2,0,2,8.0,6
3,47460,2,6.0,0,2,2,1,0,5,10.767642529989754,4,1,0,2,0,2,0,2,18.0,6
6,55990,2,8.0,0,2,2,1,0,5,10.932928382342938,4,2,2,1,0,2,0,1,16.0,6
3,82990,2,12.0,4,2,2,0,1,5,11.326475397592494,4,2,0,2,1,0,0,2,36.0,6
3,105999,2,16.0,4,2,2,0,0,5,11.57118493908744,4,2,0,2,2,4,0,2,48.0,4
4,68999,0,12.0,0,2,3,0,0,5,11.141847290720753,7,2,2,0,0,2,1,2,12.0,6
3,76990,2,12.0,4,2,2,0,1,5,11.251430822272097,4,1,0,2,1,0,0,2,36.0,6
7,134990,2,16.0,1,2,3,0,0,5,11.812955980602872,8,2,0,2,3,2,1,2,48.0,8
7,90990,2,16.0,0,2,3,0,0,5,11.418504889350736,8,2,0,2,0,2,1,2,48.0,6
4,99990,2,16.0,0,2,3,0,0,5,11.512825459969894,8,2,2,2,0,2,1,2,48.0,6
7,50990,2,12.0,0,2,3,0,0,5,10.839384814049202,6,2,2,1,0,2,1,2,24.0,6
7,47990,2,12.0,0,2,3,0,0,5,10.77874793485229,6,1,2,1,0,2,1,2,24.0,6
7,128990,2,20.0,1,2,3,0,0,5,11.767490160959182,8,1,0,2,3,0,1,2,60.0,12
7,183990,2,20.0,1,2,3,0,0,5,12.12263668728814,8,2,0,2,3,2,1,2,60.0,8
6,35900,2,4.0,0,2,2,0,0,5,10.48849257447637,4,1,2,1,0,2,0,1,8.0,6
4,131990,2,20.0,1,2,3,0,0,5,11.790481441123,8,2,2,2,0,2,1,2,60.0,6
4,237990,2,32.0,1,2,3,0,0,5,12.37998393496416,8,0,0,2,0,0,1,2,96.0,9
4,50990,0,12.0,0,2,0,0,0,5,10.839384814049202,0,1,2,0,0,2,0,2,12.0,6
2,37990,2,8.0,0,2,2,1,0,5,10.54507824618167,4,1,2,2,0,2,0,1,24.0,6
6,56190,0,12.0,0,2,0,1,0,5,10.936494084106243,4,2,2,0,1,0,0,1,12.0,6
8,32999,2,8.0,2,2,2,0,0,5,10.404232536959167,4,2,2,1,0,2,0,0,16.0,6
4,101990,2,12.0,3,2,2,1,1,5,11.532630048244563,4,2,2,2,2,3,0,2,36.0,5
4,231746,2,12.0,4,2,2,0,1,5,12.35339722330072,4,2,2,2,1,0,0,2,36.0,6
7,82890,2,16.0,1,2,3,0,0,5,11.325269706585573,7,1,2,2,0,2,1,2,48.0,6
6,69000,2,16.0,4,2,2,1,0,5,11.141861783579396,4,2,2,2,0,2,0,1,48.0,6
0,159990,2,32.0,1,2,3,0,0,5,11.982866592262758,8,2,0,2,0,0,1,1,96.0,9
2,69990,0,12.0,0,2,3,0,0,5,11.156107653683586,6,2,2,0,0,2,1,1,12.0,6
2,77990,2,16.0,0,2,3,0,0,5,11.264335892324544,7,2,2,2,0,2,1,1,48.0,6
3,35940,2,4.0,0,2,2,0,0,5,10.48960616033755,4,1,2,1,0,2,0,2,8.0,6
4,54559,0,12.0,0,2,0,0,0,5,10.907037963903628,0,2,2,0,0,2,0,2,12.0,6
6,69990,2,12.0,4,2,2,1,0,5,11.156107653683586,4,2,2,2,1,0,0,1,36.0,6
7,119990,2,20.0,4,2,3,0,0,5,11.695163684958434,6,2,0,2,0,0,1,2,60.0,9
6,85990,2,12.0,1,2,3,0,0,5,11.361986289404944,8,2,2,2,0,2,1,1,36.0,6
8,119990,2,16.0,1,2,3,0,0,5,11.695163684958434,8,1,2,2,0,2,1,0,48.0,6
2,56990,2,12.0,0,2,2,0,0,5,10.950631092829044,4,2,2,2,0,2,0,1,36.0,6
6,92990,0,16.0,1,2,3,0,0,5,11.440247239472242,8,2,2,0,0,2,1,1,16.0,6
7,344990,2,32.0,1,2,3,0,0,5,12.751270710086162,8,0,0,2,3,0,1,2,96.0,12
7,284990,2,32.0,1,2,3,0,0,5,12.5602093709159,8,0,0,2,0,0,1,2,96.0,9
6,100190,2,16.0,1,2,3,0,0,5,11.514823662253308,8,2,2,2,0,2,1,1,48.0,6
4,48981,2,4.0,0,2,2,0,0,5,10.799187746794274,4,1,2,1,1,1,0,2,8.0,2
0,65990,2,12.0,0,2,3,0,0,5,11.097258494377469,7,1,2,2,0,2,1,1,36.0,6
0,34790,0,12.0,0,2,0,0,0,5,10.457085268145988,0,1,2,0,0,2,0,1,12.0,6
6,89999,2,12.0,1,2,3,0,0,5,11.40755383813956,8,1,2,2,0,2,1,1,36.0,6
3,84490,2,16.0,4,2,2,0,0,5,11.34438846314689,4,2,2,2,2,4,0,2,48.0,4
6,222990,2,12.0,5,2,2,1,1,5,12.314882206387448,4,2,0,2,2,3,0,1,36.0,5
3,257490,2,20.0,1,2,3,0,1,5,12.458736163380376,8,2,0,2,0,3,1,2,60.0,15
3,80490,2,16.0,4,2,2,0,0,5,11.29588823208778,4,2,2,2,2,4,0,2,48.0,4
2,38990,2,8.0,0,2,2,1,0,5,10.571060481976644,4,1,2,2,0,2,0,1,24.0,6
3,64799,2,8.0,0,2,3,0,0,5,11.079045450122525,3,2,2,1,0,2,1,2,16.0,6
6,148990,2,20.0,1,2,3,0,0,5,11.911634468581385,8,0,0,2,0,4,1,1,60.0,12
0,86990,2,20.0,0,2,3,0,0,5,11.373548448501586,7,2,2,2,0,2,1,1,60.0,6
4,199990,2,24.0,1,2,3,0,0,5,12.206022644280132,8,2,0,2,0,0,1,2,72.0,9
6,89889,2,20.0,4,2,2,1,0,5,11.406330854797588,4,2,2,2,0,2,0,1,60.0,6
3,323990,2,32.0,1,2,3,0,0,5,12.688467930100629,8,0,0,2,0,4,1,2,96.0,12
3,453990,2,20.0,4,2,3,0,0,5,13.02583045034918,8,0,0,2,0,4,1,2,60.0,12
3,53990,0,16.0,0,2,0,0,0,5,10.896554123212333,0,2,2,0,1,0,0,2,16.0,6
3,199290,0,16.0,1,2,3,0,0,5,12.202516329327397,8,2,0,0,0,2,1,2,16.0,6
7,34490,2,8.0,0,2,2,1,0,5,10.448424705930886,4,1,2,2,0,2,0,2,24.0,6
7,89990,2,16.0,4,2,3,0,0,5,11.407453832027992,6,2,2,2,1,0,1,2,48.0,6
3,450990,2,32.0,4,2,3,0,0,5,13.01920044528999,8,0,0,2,3,4,1,2,96.0,16
4,40999,2,8.0,0,2,2,1,0,5,10.621302955145095,4,1,0,2,0,2,0,2,24.0,6
6,74190,0,12.0,0,2,0,0,1,5,11.214384649183572,0,2,2,0,2,0,0,1,12.0,3
2,69990,0,12.0,0,2,3,0,0,5,11.156107653683586,7,2,2,0,0,2,1,1,12.0,6
4,40300,2,8.0,0,2,2,1,0,5,10.604106747934772,4,2,2,2,0,2,0,2,24.0,6
2,85500,2,16.0,0,2,3,0,0,5,11.356271654924852,6,2,2,2,0,2,1,1,48.0,6
6,42990,0,8.0,4,2,0,1,0,5,10.668722809490328,4,1,2,0,0,2,0,1,8.0,6
2,70990,2,12.0,0,2,3,0,0,5,11.170294301033431,6,2,2,2,0,2,1,1,36.0,6
8,98999,2,16.0,4,2,2,0,0,5,11.502865028055613,4,2,2,2,1,0,0,0,48.0,6
3,303290,0,24.0,1,2,3,0,0,5,12.622444722477011,8,0,0,0,0,2,1,2,24.0,6
0,54990,2,12.0,4,2,3,0,0,5,10.91490662950186,6,1,2,2,0,2,1,1,36.0,6
0,49990,2,8.0,0,2,2,0,0,5,10.819578264407616,4,2,2,1,0,2,0,1,16.0,6
2,76990,0,16.0,0,2,3,0,0,5,11.251430822272097,7,2,2,0,0,2,1,1,16.0,6
8,89990,2,16.0,4,2,2,0,0,5,11.407453832027992,4,2,2,2,1,0,0,0,48.0,6
4,126494,2,12.0,1,2,3,0,0,5,11.747950155194795,5,2,0,2,0,2,0,2,36.0,6
0,44990,2,8.0,0,2,2,0,0,5,10.71419552183522,4,1,2,1,0,2,0,1,16.0,6
4,30590,2,4.0,0,2,2,1,0,5,10.328428437144948,4,1,2,2,0,1,0,2,12.0,3
4,26990,2,4.0,0,0,2,1,1,0,10.20322170601205,4,1,1,2,1,1,0,2,12.0,2
4,96700,2,12.0,1,2,2,0,0,5,11.479368681441386,4,2,2,2,1,0,0,2,36.0,6
8,152499,2,16.0,4,2,2,0,1,5,11.934913317631054,4,2,0,2,0,0,0,0,48.0,9
6,22490,2,2.0,0,2,2,0,0,5,10.02082604495336,4,1,1,2,2,2,0,1,6.0,2
4,49990,2,8.0,0,2,2,1,0,0,10.819578264407616,4,1,1,2,0,1,0,2,24.0,3
4,373192,2,20.0,1,2,3,0,0,5,12.829848311498342,7,0,0,2,0,3,1,2,60.0,15
4,390914,2,20.0,1,2,3,0,0,5,12.876242865926102,7,0,0,2,0,3,1,2,60.0,15
8,117899,2,16.0,4,2,2,0,0,5,11.677583604725283,4,2,2,2,1,0,0,0,48.0,6
0,69990,2,12.0,0,2,3,0,0,5,11.156107653683586,7,2,2,2,0,2,1,1,36.0,6
3,70790,2,12.0,4,2,2,0,0,5,11.167473026768237,4,2,0,2,1,0,0,2,36.0,6
4,23940,0,4.0,0,2,0,0,0,1,10.083305979111964,0,1,2,0,0,1,0,2,4.0,3
3,62990,2,12.0,4,2,2,0,0,5,11.050731262615974,4,1,0,2,1,0,0,2,36.0,6
3,78980,2,16.0,0,2,2,0,0,5,11.27694993484064,4,2,2,2,0,2,0,2,48.0,6
5,66990,2,20.0,5,2,2,1,0,5,11.112298633502313,4,0,0,2,0,2,0,0,60.0,6
2,58990,2,12.0,0,2,2,1,0,5,10.98512321699712,4,2,2,2,0,2,0,1,36.0,6
6,26490,2,2.0,0,2,2,1,0,5,10.184522582266116,4,1,1,0,1,1,0,1,2.0,2
6,47450,2,12.0,0,2,2,0,0,5,10.767431804038074,4,1,2,2,1,0,0,1,36.0,6
6,42990,0,8.0,0,2,0,0,0,5,10.668722809490328,0,1,2,0,1,0,0,1,8.0,6
7,69990,2,12.0,1,2,3,0,0,5,11.156107653683586,7,2,2,2,0,2,1,2,36.0,6
6,69345,0,12.0,0,2,0,0,0,5,11.146849325090436,0,1,2,0,1,0,0,1,12.0,6
6,51499,2,8.0,0,2,3,0,0,5,10.849317668987576,3,2,2,1,0,2,1,1,16.0,6
4,88490,2,12.0,4,2,2,1,1,5,11.390644830261396,4,2,2,2,0,2,0,2,36.0,6
4,95990,2,12.0,4,2,2,1,1,5,11.471999298357582,4,2,2,2,0,2,0,2,36.0,6
4,78490,0,12.0,4,2,0,0,1,5,11.27072650712086,0,2,2,0,0,2,0,2,12.0,6
0,30990,2,4.0,0,2,2,0,0,5,10.341419850781794,4,1,1,1,0,2,0,1,8.0,6
4,36990,0,8.0,4,2,0,0,0,5,10.5184028848265,0,1,2,0,1,0,0,2,8.0,6
6,43990,2,6.0,4,2,2,1,0,5,10.691717614342766,4,1,2,2,0,2,0,1,18.0,6
4,48990,0,8.0,4,2,0,0,0,5,10.79937147463262,0,2,2,0,1,0,0,2,8.0,6
4,86490,0,12.0,4,2,0,0,1,5,11.367784079300558,0,2,2,0,0,2,0,2,12.0,6
3,58490,2,8.0,4,2,2,0,1,5,10.976611078437072,4,1,0,2,1,0,0,2,24.0,6
4,98990,2,20.0,0,2,2,1,0,5,11.502774113913851,4,2,2,2,1,4,0,2,60.0,8
6,50999,0,12.0,0,2,0,0,0,5,10.83956130367109,0,2,2,0,1,0,0,1,12.0,6
6,53990,2,12.0,0,2,2,0,0,5,10.896554123212333,4,1,2,2,0,2,0,1,36.0,6
0,32149,2,4.0,0,2,2,0,0,5,10.378136624982952,4,1,2,1,0,2,0,1,8.0,6
7,171990,2,16.0,1,2,3,0,0,5,12.055191614570536,8,2,0,2,0,0,1,2,48.0,9
7,39990,2,8.0,0,2,2,1,0,5,10.596384701840863,4,2,2,1,1,0,0,2,16.0,6
5,59990,2,20.0,5,2,2,1,0,5,11.00193316064714,4,2,2,2,0,2,0,0,60.0,6
8,24990,2,4.0,0,2,2,0,0,5,10.126231023828998,4,1,2,1,1,0,0,0,8.0,6
4,115558,0,12.0,1,1,3,0,0,5,11.65752784740375,5,2,0,0,0,2,0,2,12.0,6
3,44890,0,8.0,4,2,0,0,0,5,10.711970331775978,0,1,2,0,0,2,0,2,8.0,6
4,117000,2,12.0,4,2,2,0,1,5,11.669929213779891,4,2,0,2,0,2,0,2,36.0,6
6,58400,2,8.0,2,2,2,1,1,5,10.97507116881632,4,1,2,2,1,0,0,1,24.0,6
4,48490,0,8.0,4,2,0,0,0,5,10.789112870099398,0,2,2,0,1,0,0,2,8.0,6
4,44347,0,8.0,4,2,0,0,0,5,10.699800341706831,0,1,2,0,1,0,0,2,8.0,6
4,56267,0,16.0,0,2,0,0,0,5,10.937863496628951,0,2,2,0,0,2,0,2,16.0,6
2,145999,0,16.0,1,2,3,0,0,5,11.891355051351947,8,2,0,0,1,4,1,1,16.0,8
2,57590,2,12.0,0,2,3,0,0,5,10.96110422050072,6,1,0,1,0,2,1,1,24.0,6
3,84899,2,12.0,4,2,2,0,0,5,11.349217593667056,4,2,2,2,1,0,0,2,36.0,6
6,64190,0,12.0,0,2,3,0,0,5,11.069602714305825,3,1,2,0,0,2,1,1,12.0,6
6,54990,2,8.0,0,2,3,0,0,5,10.91490662950186,3,2,2,1,0,2,1,1,16.0,6
4,43400,0,8.0,4,2,0,0,0,5,10.678214720088496,0,1,2,0,1,0,0,2,8.0,6
7,109990,2,16.0,1,2,3,0,0,5,11.608144731551162,8,2,2,2,0,2,1,2,48.0,6
7,83500,2,12.0,0,2,3,0,0,4,11.332601910838946,3,1,2,1,3,2,1,2,24.0,8
3,46899,2,8.0,0,2,2,0,0,5,10.755751632245437,4,1,2,2,0,2,0,2,24.0,6
0,31899,2,8.0,0,2,2,0,0,5,10.370329940319197,4,1,1,2,0,2,0,1,24.0,6
3,53490,0,12.0,4,2,0,0,0,5,10.887249999525295,0,1,2,0,0,2,0,2,12.0,6
6,32900,0,8.0,4,2,0,0,0,5,10.401227936753465,0,1,2,0,0,2,0,1,8.0,6
8,199990,0,16.0,1,2,3,0,0,5,12.206022644280132,8,0,0,0,1,4,1,0,16.0,8
7,51290,2,12.0,0,2,3,0,0,5,10.845251080383314,6,2,2,1,0,2,1,2,24.0,6
7,107990,0,16.0,1,2,3,0,0,5,11.589793909226806,8,2,0,0,3,2,1,2,16.0,8
0,89990,2,16.0,0,2,3,0,0,5,11.407453832027992,8,2,2,2,0,2,1,1,48.0,6
7,99990,0,16.0,1,2,3,0,0,5,11.512825459969894,8,2,0,0,0,2,1,2,16.0,6
0,53990,2,12.0,4,2,2,0,0,5,10.896554123212333,4,1,2,2,1,0,0,1,36.0,6
7,74990,0,12.0,1,2,3,0,0,5,11.225110050295434,7,2,2,0,0,2,1,2,12.0,6
7,94990,0,16.0,1,2,3,0,0,5,11.461526901884229,8,2,0,0,3,2,1,2,16.0,8
7,77990,0,12.0,1,2,3,0,0,5,11.264335892324544,8,2,2,0,0,2,1,2,12.0,6
7,92990,0,16.0,1,2,3,0,0,5,11.440247239472242,8,2,0,0,0,2,1,2,16.0,6
2,48990,2,12.0,0,2,2,1,0,5,10.79937147463262,4,1,2,2,0,2,0,1,36.0,6
4,38900,2,8.0,0,2,0,0,0,5,10.568749529606537,0,1,2,2,0,1,0,2,24.0,3
6,94890,2,16.0,0,2,2,0,0,5,11.460473604967804,4,2,2,2,1,0,0,1,48.0,6
7,60990,2,12.0,0,2,2,1,0,5,11.018465195290505,4,1,2,2,1,0,0,2,36.0,6
7,50990,2,12.0,0,2,2,1,0,5,10.839384814049202,4,2,2,2,1,0,0,2,36.0,6
3,202490,2,16.0,4,2,2,0,1,5,12.218445781593315,4,0,0,2,1,3,0,2,48.0,10
3,279490,2,20.0,1,2,3,0,1,5,12.540721792761923,8,0,0,2,0,3,1,2,60.0,15
3,303490,2,20.0,1,2,3,0,1,5,12.623103940009702,8,0,0,2,3,3,1,2,60.0,20
6,157544,2,16.0,1,2,3,0,0,5,11.967460063312032,8,2,0,2,0,4,1,1,48.0,12
6,286200,2,32.0,1,2,3,0,0,5,12.564446146104489,8,0,0,2,0,0,1,1,96.0,9
6,142190,0,16.0,1,2,3,0,0,5,11.86491947039042,8,2,0,0,0,0,1,1,16.0,9
6,119500,2,12.0,0,2,2,0,0,5,11.691071650353702,4,2,2,2,1,0,0,1,36.0,6
8,205000,2,16.0,4,2,2,0,1,5,12.230765258120543,4,1,1,2,0,0,0,0,48.0,9
8,142990,2,16.0,4,2,3,0,0,5,11.870529976726893,7,2,0,2,0,0,1,0,48.0,9
8,127000,2,16.0,4,2,2,0,1,5,11.751942365440728,4,1,2,2,1,0,0,0,48.0,6
7,52990,0,16.0,0,2,0,0,0,5,10.877858495486809,0,2,2,0,1,0,0,2,16.0,6
6,80999,2,12.0,0,2,2,1,0,5,11.302192087899355,4,2,0,2,1,0,0,1,36.0,6
8,12990,2,2.0,0,2,2,1,0,5,9.471935109664646,4,1,1,2,1,0,0,0,6.0,6
3,42499,0,12.0,0,2,0,0,0,5,10.657235825223925,0,1,2,0,0,2,0,2,12.0,6
8,16990,2,2.0,0,2,2,1,0,5,9.740380214665976,4,1,1,2,0,2,0,0,6.0,6
8,89799,0,16.0,0,2,0,0,1,5,11.405329118370826,0,2,2,0,0,2,0,0,16.0,6
6,45490,2,12.0,0,2,2,1,0,5,10.72524780056405,4,1,2,2,1,0,0,1,36.0,6
2,69990,2,12.0,0,2,3,0,0,5,11.156107653683586,6,2,2,2,1,0,1,1,36.0,6
6,33990,0,12.0,0,2,0,0,0,1,10.433821642690162,0,1,2,0,0,2,0,1,12.0,6
6,39999,0,12.0,0,2,0,0,0,5,10.596609732783568,0,1,2,0,0,2,0,1,12.0,6
2,35083,2,4.0,0,2,2,1,0,5,10.465471961643733,4,1,2,1,0,2,0,1,8.0,6
0,54499,2,12.0,0,2,3,0,0,5,10.905937631859144,3,2,2,2,0,2,1,1,36.0,6
6,26990,0,8.0,4,2,0,0,0,1,10.20322170601205,0,1,2,0,0,2,0,1,8.0,6
2,62990,0,16.0,0,2,3,0,0,5,11.050731262615974,6,2,2,0,0,2,1,1,16.0,6
3,199990,2,16.0,4,2,3,0,0,5,12.206022644280132,8,2,0,2,1,4,1,2,48.0,8
4,56999,2,12.0,0,2,3,0,0,5,10.950789002803145,3,1,2,1,0,2,1,2,24.0,6
2,34990,2,4.0,0,2,2,1,0,5,10.462817585361734,4,1,2,1,1,0,0,1,8.0,6
6,36990,2,8.0,0,2,2,1,0,5,10.5184028848265,4,1,2,2,0,2,0,1,24.0,6
3,94990,2,12.0,0,2,2,0,0,5,11.461526901884229,5,2,2,2,0,2,0,2,36.0,6
6,46990,2,12.0,0,2,2,1,0,5,10.757690092096862,4,1,2,2,1,0,0,1,36.0,6
6,45900,2,12.0,0,2,2,1,0,5,10.734220396048636,4,1,2,2,0,2,0,1,36.0,6
3,79990,2,12.0,4,2,2,0,0,5,11.289656905842868,4,2,2,2,0,0,0,2,36.0,9
6,59990,2,8.0,0,2,2,1,0,5,11.00193316064714,4,2,2,1,0,2,0,1,16.0,6
4,27490,0,2.0,0,2,0,0,0,5,10.221577581159291,0,1,2,0,0,1,0,2,2.0,3
4,55999,2,12.0,0,2,3,0,0,5,10.933089112414988,3,1,2,1,0,2,1,2,24.0,6
3,166490,2,12.0,1,2,3,0,0,5,12.0226905265389,8,0,0,2,0,0,1,2,36.0,9
3,80490,2,12.0,4,2,2,0,1,5,11.29588823208778,4,2,2,2,1,0,0,2,36.0,6
3,99950,2,12.0,4,2,2,0,1,5,11.512425339928546,4,2,2,2,1,0,0,2,36.0,6
4,26800,2,4.0,0,2,2,0,0,5,10.196157166498947,4,1,2,2,1,1,0,2,12.0,2
3,67890,2,12.0,4,2,2,0,0,5,11.125644027295692,4,2,2,2,1,0,0,2,36.0,6
3,73990,2,12.0,4,2,2,0,1,5,11.211685227919595,4,1,2,2,1,0,0,2,36.0,6
3,88990,2,12.0,4,2,2,0,0,5,11.396279282850909,4,2,2,2,1,0,0,2,36.0,6
5,34990,2,8.0,3,2,2,1,0,5,10.462817585361734,4,2,2,1,1,0,0,0,16.0,6
3,63220,2,12.0,0,2,2,1,0,5,11.054375985769608,4,1,2,2,0,2,0,2,36.0,6
3,58990,2,12.0,4,2,2,0,0,5,10.98512321699712,4,1,2,2,1,0,0,2,36.0,6
7,247999,2,20.0,1,2,3,0,0,5,12.421179992880925,8,0,0,2,3,0,1,2,60.0,12
7,292990,2,20.0,1,2,3,0,0,5,12.58789375772394,8,0,0,2,0,3,1,2,60.0,15
4,58800,0,12.0,0,2,0,0,0,5,10.98189713388672,0,1,2,0,0,2,0,2,12.0,6
2,54999,0,12.0,0,2,0,0,0,5,10.915070282231136,0,1,2,0,0,2,0,1,12.0,6
3,94490,2,12.0,4,2,2,0,1,5,11.456249287776672,4,1,2,2,0,2,0,2,36.0,6
